PANTONENAME,UNIQUECODE,R,G,B
100 C,10001,246,235,100
101 C,10002,246,235,76
10101 C,10003,212,212,212
10102 C,10004,194,200,198
10103 C,10005,185,188,187
10104 C,10006,173,177,180
10105 C,10007,171,174,176
10106 C,10008,171,171,119
10107 C,10009,172,172,99
10108 C,10010,174,171,81
10109 C,10011,176,171,63
10110 C,10012,182,170,39
10111 C,10013,192,178,8
10112 C,10014,169,171,137
10113 C,10015,170,168,111
10114 C,10016,171,168,93
10115 C,10017,177,167,77
10116 C,10018,181,166,56
10117 C,10019,185,165,33
10118 C,10020,172,164,110
10119 C,10021,178,162,93
10120 C,10022,181,158,75
10121 C,10023,183,154,54
10122 C,10024,192,151,36
10123 C,10025,199,148,5
10124 C,10026,172,163,119
10125 C,10027,169,158,99
10126 C,10028,169,151,81
10127 C,10029,172,147,69
10128 C,10030,179,141,52
10129 C,10031,185,134,40
10130 C,10032,175,144,113
10131 C,10033,175,133,93
10132 C,10034,176,126,78
10133 C,10035,170,113,59
10134 C,10036,168,106,48
10135 C,10037,164,96,33
10136 C,10038,171,155,136
10137 C,10039,174,144,117
10138 C,10040,172,130,96
10139 C,10041,168,121,78
10140 C,10042,169,113,66
10141 C,10043,161,102,52
10142 C,10044,181,142,108
10143 C,10045,185,133,90
10144 C,10046,189,123,73
10145 C,10047,195,116,58
10146 C,10048,196,107,41
10147 C,10049,200,99,24
10148 C,10050,184,135,123
10149 C,10051,186,123,108
10150 C,10052,189,109,88
10151 C,10053,190,100,72
10152 C,10054,196,92,57
10153 C,10055,200,83,44
10154 C,10056,173,150,145
10155 C,10057,176,135,124
10156 C,10058,176,119,109
10157 C,10059,174,105,91
10158 C,10060,174,92,78
10159 C,10061,177,81,67
10160 C,10062,183,125,143
10161 C,10063,186,112,131
10162 C,10064,189,97,118
10163 C,10065,188,84,101
10164 C,10066,192,76,89
10165 C,10067,198,65,74
10166 C,10068,178,123,149
10167 C,10069,178,107,139
10168 C,10070,181,93,125
10169 C,10071,178,76,113
10170 C,10072,180,64,101
10171 C,10073,183,48,87
10172 C,10074,164,125,157
10173 C,10075,164,109,150
10174 C,10076,165,96,140
10175 C,10077,162,81,132
10176 C,10078,167,67,122
10177 C,10079,171,51,113
10178 C,10080,175,139,165
10179 C,10081,174,124,158
10180 C,10082,173,113,152
10181 C,10083,174,100,144
10182 C,10084,175,85,137
10183 C,10085,181,70,128
10184 C,10086,171,144,171
10185 C,10087,171,132,168
10186 C,10088,171,117,161
10187 C,10089,172,104,157
10188 C,10090,176,92,153
10189 C,10091,176,77,147
10190 C,10092,157,150,160
10191 C,10093,149,135,148
10192 C,10094,141,121,135
10193 C,10095,131,107,123
10194 C,10096,118,91,111
10195 C,10097,109,78,96
10196 C,10098,162,144,168
10197 C,10099,161,126,158
10198 C,10100,157,108,150
10199 C,10101,150,92,139
102 C,10102,250,227,12
10200 C,10103,152,78,133
10201 C,10104,147,64,122
10202 C,10105,156,128,162
10203 C,10106,149,108,149
10204 C,10107,142,96,141
10205 C,10108,134,81,131
10206 C,10109,131,70,125
10207 C,10110,123,53,114
10208 C,10111,161,140,169
10209 C,10112,156,123,164
10210 C,10113,150,110,159
10211 C,10114,147,96,155
10212 C,10115,144,85,151
10213 C,10116,135,68,144
10214 C,10117,144,124,165
10215 C,10118,133,109,164
10216 C,10119,121,95,159
10217 C,10120,110,77,151
10218 C,10121,99,62,146
10219 C,10122,86,45,137
10220 C,10123,153,147,171
10221 C,10124,146,135,166
10222 C,10125,136,123,162
10223 C,10126,128,111,162
10224 C,10127,122,99,158
10225 C,10128,113,87,154
10226 C,10129,150,147,173
10227 C,10130,139,137,167
10228 C,10131,134,127,166
10229 C,10132,121,114,162
10230 C,10133,111,103,158
10231 C,10134,98,89,155
10232 C,10135,130,129,163
10233 C,10136,116,116,156
10234 C,10137,104,99,149
10235 C,10138,91,86,143
10236 C,10139,82,72,136
10237 C,10140,84,78,140
10238 C,10141,135,138,169
10239 C,10142,123,126,172
10240 C,10143,105,111,165
10241 C,10144,93,97,160
10242 C,10145,80,83,158
10243 C,10146,67,70,151
10244 C,10147,108,134,170
10245 C,10148,91,121,168
10246 C,10149,70,105,164
10247 C,10150,55,92,157
10248 C,10151,39,79,154
10249 C,10152,24,65,149
10250 C,10153,143,157,175
10251 C,10154,129,146,173
10252 C,10155,111,133,171
10253 C,10156,100,122,169
10254 C,10157,82,110,166
10255 C,10158,66,96,163
10256 C,10159,122,148,172
10257 C,10160,108,137,172
10258 C,10161,90,128,172
10259 C,10162,74,118,168
10260 C,10163,59,107,169
10261 C,10164,33,94,166
10262 C,10165,138,156,165
10263 C,10166,118,140,154
10264 C,10167,97,126,145
10265 C,10168,81,114,134
10266 C,10169,65,101,126
10267 C,10170,47,90,113
10268 C,10171,115,153,173
10269 C,10172,92,144,173
10270 C,10173,76,137,174
10271 C,10174,48,127,170
10272 C,10175,3,120,172
10273 C,10176,0,108,170
10274 C,10177,115,160,175
10275 C,10178,93,154,176
10276 C,10179,68,147,174
10277 C,10180,23,142,173
10278 C,10181,0,136,175
10279 C,10182,0,132,179
10280 C,10183,122,159,166
10281 C,10184,101,150,161
10282 C,10185,80,144,156
10283 C,10186,59,138,152
10284 C,10187,18,129,143
10285 C,10188,0,121,138
10286 C,10189,119,163,167
10287 C,10190,101,160,165
10288 C,10191,73,158,165
10289 C,10192,42,154,161
10290 C,10193,0,150,157
10291 C,10194,0,145,150
10292 C,10195,125,169,165
10293 C,10196,105,167,160
10294 C,10197,85,163,154
10295 C,10198,55,161,147
10296 C,10199,0,161,142
10297 C,10200,0,158,136
10298 C,10201,132,163,137
10299 C,10202,116,157,123
103 C,10203,196,169,6
10300 C,10204,101,154,113
10301 C,10205,84,151,100
10302 C,10206,64,145,87
10303 C,10207,32,139,76
10304 C,10208,139,165,132
10305 C,10209,127,162,116
10306 C,10210,114,159,103
10307 C,10211,99,152,90
10308 C,10212,83,149,79
10309 C,10213,64,146,64
10310 C,10214,149,161,148
10311 C,10215,133,149,130
10312 C,10216,120,143,119
10313 C,10217,107,130,103
10314 C,10218,94,121,89
10315 C,10219,82,111,80
10316 C,10220,149,169,128
10317 C,10221,141,169,110
10318 C,10222,128,166,95
10319 C,10223,120,165,81
10320 C,10224,109,167,68
10321 C,10225,94,164,50
10322 C,10226,164,173,120
10323 C,10227,156,169,98
10324 C,10228,155,170,84
10325 C,10229,149,169,66
10326 C,10230,143,167,48
10327 C,10231,139,172,27
10328 C,10232,150,159,124
10329 C,10233,139,152,107
10330 C,10234,128,142,90
10331 C,10235,120,135,79
10332 C,10236,109,128,66
10333 C,10237,98,118,53
10334 C,10238,155,153,133
10335 C,10239,147,146,118
10336 C,10240,140,135,101
10337 C,10241,131,124,88
10338 C,10242,122,117,75
10339 C,10243,113,107,60
10340 C,10244,159,149,127
10341 C,10245,155,143,113
10342 C,10246,147,133,94
10343 C,10247,138,122,81
10344 C,10248,132,114,66
10345 C,10249,122,104,53
10346 C,10250,166,150,126
10347 C,10251,159,139,107
10348 C,10252,155,130,94
10349 C,10253,148,122,78
10350 C,10254,142,114,67
10351 C,10255,135,106,55
10352 C,10256,169,159,144
10353 C,10257,165,147,120
10354 C,10258,163,138,102
10355 C,10259,159,129,87
10356 C,10260,152,121,73
10357 C,10261,145,109,60
10358 C,10262,163,144,123
10359 C,10263,157,136,106
10360 C,10264,152,124,91
10361 C,10265,142,113,76
10362 C,10266,131,100,61
10363 C,10267,122,90,49
10364 C,10268,168,152,136
10365 C,10269,164,136,111
10366 C,10270,160,124,92
10367 C,10271,153,113,77
10368 C,10272,147,101,63
10369 C,10273,139,89,50
10370 C,10274,162,154,146
10371 C,10275,150,137,122
10372 C,10276,144,126,109
10373 C,10277,132,109,91
10374 C,10278,120,96,79
10375 C,10279,111,87,66
10376 C,10280,147,137,131
10377 C,10281,137,124,116
10378 C,10282,128,110,99
10379 C,10283,120,100,89
10380 C,10284,109,91,77
10381 C,10285,95,76,63
10382 C,10286,148,143,146
10383 C,10287,131,125,128
10384 C,10288,118,109,113
10385 C,10289,103,95,98
10386 C,10290,87,81,82
10387 C,10291,75,66,68
10388 C,10292,139,146,150
10389 C,10293,120,128,133
10390 C,10294,105,113,118
10391 C,10295,91,98,103
10392 C,10296,76,83,89
10393 C,10297,65,72,77
10394 C,10298,125,124,122
10395 C,10299,110,109,106
10396 C,10300,95,91,89
10397 C,10301,80,77,74
10398 C,10302,66,63,61
10399 C,10303,53,53,51
104 C,10304,174,151,6
10401 C,10305,202,138,36
10402 C,10306,191,142,79
10403 C,10307,169,136,85
10404 C,10308,171,145,107
10405 C,10309,173,152,116
10406 C,10310,179,157,125
10407 C,10311,178,161,131
10408 C,10312,177,146,121
10409 C,10313,163,118,97
10410 C,10314,158,108,104
10411 C,10315,181,132,128
10413 C,10316,195,75,77
10414 C,10317,187,39,92
10415 C,10318,176,65,69
10416 C,10319,169,42,47
10417 C,10320,175,48,53
10418 C,10321,139,53,53
10419 C,10322,187,128,133
10420 C,10323,173,123,138
10421 C,10324,159,70,115
10422 C,10325,133,52,103
10423 C,10326,141,76,131
10424 C,10327,111,39,105
10425 C,10328,58,80,147
10426 C,10329,52,70,119
10427 C,10330,36,62,127
10428 C,10331,71,58,134
10429 C,10332,67,45,112
10430 C,10333,62,47,97
10431 C,10334,130,160,171
10432 C,10335,92,124,139
10433 C,10336,0,117,153
10434 C,10337,0,95,132
10435 C,10338,113,120,131
10436 C,10339,103,110,116
10437 C,10340,76,115,94
10438 C,10341,79,151,105
10439 C,10342,66,149,124
10440 C,10343,0,136,144
10441 C,10344,0,103,115
10442 C,10345,58,93,98
10443 C,10346,180,137,125
10444 C,10347,152,122,119
10445 C,10348,152,125,122
10446 C,10349,155,138,135
10447 C,10350,139,126,126
10448 C,10351,148,143,145
10449 C,10352,180,186,181
10450 C,10353,172,174,174
10451 C,10354,115,117,115
10452 C,10355,99,102,103
10453 C,10356,84,91,94
10454 C,10357,75,75,75
105 C,10358,139,123,41
106 C,10359,249,231,74
107 C,10360,251,226,39
108 C,10361,255,221,18
109 C,10362,254,210,6
110 C,10363,217,172,9
111 C,10364,169,138,6
112 C,10365,156,132,22
113 C,10366,247,223,82
114 C,10367,250,223,66
115 C,10368,251,218,37
116 C,10369,254,205,10
117 C,10370,202,151,4
118 C,10371,172,133,3
119 C,10372,137,117,36
120 C,10373,252,221,102
1205 C,10374,247,225,143
121 C,10375,251,217,90
1215 C,10376,252,216,117
122 C,10377,253,209,67
1225 C,10378,255,200,70
123 C,10379,253,197,46
1235 C,10380,253,185,33
124 C,10381,233,169,5
1245 C,10382,197,145,24
125 C,10383,181,133,4
1255 C,10384,172,132,33
126 C,10385,153,118,21
1265 C,10386,135,107,39
127 C,10387,244,223,110
128 C,10388,242,213,79
129 C,10389,240,206,63
130 C,10390,240,170,6
131 C,10391,203,138,5
132 C,10392,160,115,4
133 C,10393,106,87,27
134 C,10394,254,212,115
1345 C,10395,251,208,135
135 C,10396,255,200,90
1355 C,10397,255,199,112
136 C,10398,255,192,65
1365 C,10399,252,180,75
137 C,10400,252,164,5
1375 C,10401,254,158,32
138 C,10402,221,124,4
1385 C,10403,212,120,4
139 C,10404,173,108,5
1395 C,10405,151,96,24
140 C,10406,114,83,30
1405 C,10407,110,78,32
141 C,10408,241,201,95
142 C,10409,240,190,74
143 C,10410,241,182,56
144 C,10411,237,141,10
145 C,10412,206,128,5
146 C,10413,168,111,20
147 C,10414,114,94,44
148 C,10415,252,203,139
1485 C,10416,254,174,100
149 C,10417,255,194,126
1495 C,10418,253,145,31
150 C,10419,254,179,91
1505 C,10420,252,104,1
151 C,10421,254,130,6
152 C,10422,228,114,5
1525 C,10423,183,72,3
153 C,10424,190,107,24
1535 C,10425,146,69,14
154 C,10426,153,90,27
1545 C,10427,100,57,25
155 C,10428,238,207,159
1555 C,10429,253,185,146
156 C,10430,235,190,125
1565 C,10431,254,160,107
157 C,10432,235,163,86
1575 C,10433,255,128,51
158 C,10434,233,120,36
1585 C,10435,255,107,22
159 C,10436,203,97,24
1595 C,10437,216,97,26
160 C,10438,160,86,28
1605 C,10439,166,86,36
161 C,10440,97,62,33
1615 C,10441,140,73,35
162 C,10442,255,192,163
1625 C,10443,253,164,139
163 C,10444,252,157,110
1635 C,10445,253,142,111
164 C,10446,254,128,67
1645 C,10447,253,107,63
165 C,10448,255,106,35
1655 C,10449,251,78,3
166 C,10450,226,82,8
1665 C,10451,220,69,8
167 C,10452,189,83,30
1675 C,10453,170,68,31
168 C,10454,116,59,30
1685 C,10455,129,58,30
169 C,10456,253,179,170
170 C,10457,255,135,118
171 C,10458,255,94,59
172 C,10459,250,72,25
173 C,10460,206,71,33
174 C,10461,149,56,34
175 C,10462,106,52,42
176 C,10463,254,177,189
1765 C,10464,253,165,181
1767 C,10465,250,174,191
177 C,10466,253,129,141
1775 C,10467,254,142,163
1777 C,10468,250,99,126
178 C,10469,255,90,94
1785 C,10470,247,71,96
1787 C,10471,242,54,77
1788 C,10472,235,39,56
179 C,10473,224,61,51
1795 C,10474,210,39,50
1797 C,10475,202,53,61
180 C,10476,188,59,54
1805 C,10477,175,41,48
1807 C,10478,164,55,60
181 C,10479,127,49,46
1815 C,10480,123,37,42
1817 C,10481,100,51,55
182 C,10482,249,187,205
183 C,10483,252,156,179
184 C,10484,243,82,116
185 C,10485,228,9,45
186 C,10486,202,22,48
187 C,10487,166,28,48
188 C,10488,118,36,48
189 C,10489,246,163,187
1895 C,10490,246,183,208
190 C,10491,245,118,154
1905 C,10492,244,155,187
191 C,10493,238,65,111
1915 C,10494,239,78,129
192 C,10495,226,12,72
1925 C,10496,222,2,78
193 C,10497,192,20,63
1935 C,10498,195,1,62
194 C,10499,154,39,67
1945 C,10500,165,14,62
195 C,10501,121,47,65
1955 C,10502,139,23,59
196 C,10503,237,200,206
197 C,10504,229,156,174
198 C,10505,223,73,99
199 C,10506,214,5,52
200 C,10507,185,12,47
2001 C,10508,245,229,153
2002 C,10509,247,226,124
2003 C,10510,248,226,104
2004 C,10511,249,221,124
2005 C,10512,251,216,130
2006 C,10513,233,189,81
2007 C,10514,222,166,41
2008 C,10515,237,194,112
2009 C,10516,237,182,98
201 C,10517,157,37,55
2010 C,10518,254,176,14
2011 C,10519,235,155,52
2012 C,10520,238,150,4
2013 C,10521,254,154,5
2014 C,10522,182,112,0
2015 C,10523,248,207,170
2016 C,10524,254,182,116
2017 C,10525,247,173,111
2018 C,10526,254,119,5
2019 C,10527,215,109,5
202 C,10528,134,41,53
2020 C,10529,188,85,3
2021 C,10530,157,74,24
2022 C,10531,248,170,142
2023 C,10532,250,148,113
2024 C,10533,248,127,88
2025 C,10534,254,139,62
2026 C,10535,243,99,61
2027 C,10536,235,83,64
2028 C,10537,234,55,5
2029 C,10538,240,130,128
203 C,10539,235,180,204
2030 C,10540,218,121,117
2031 C,10541,213,106,102
2032 C,10542,207,91,87
2033 C,10543,198,72,69
2034 C,10544,228,62,61
2035 C,10545,214,12,28
2036 C,10546,248,191,215
2037 C,10547,241,150,201
2038 C,10548,237,95,162
2039 C,10549,229,58,136
204 C,10550,229,128,168
2040 C,10551,218,20,92
2041 C,10552,160,35,80
2042 C,10553,111,41,63
2043 C,10554,233,197,211
2044 C,10555,228,146,182
2045 C,10556,219,116,161
2046 C,10557,205,87,138
2047 C,10558,166,69,112
2048 C,10559,150,59,100
2049 C,10560,132,45,78
205 C,10561,222,71,124
2050 C,10562,237,214,231
2051 C,10563,219,194,209
2052 C,10564,198,160,183
2053 C,10565,176,127,157
2054 C,10566,157,113,139
2055 C,10567,143,94,121
2056 C,10568,125,73,102
2057 C,10569,207,148,185
2058 C,10570,185,134,174
2059 C,10571,183,124,162
206 C,10572,205,3,57
2060 C,10573,200,108,169
2061 C,10574,171,83,137
2062 C,10575,179,70,142
2063 C,10576,165,49,125
2064 C,10577,223,163,214
2065 C,10578,220,168,220
2066 C,10579,209,143,212
2067 C,10580,190,106,194
2068 C,10581,176,81,183
2069 C,10582,163,60,170
207 C,10583,164,1,52
2070 C,10584,141,26,150
2071 C,10585,199,180,223
2072 C,10586,183,151,212
2073 C,10587,175,150,213
2074 C,10588,148,106,192
2075 C,10589,137,103,190
2076 C,10590,132,90,182
2077 C,10591,106,63,163
2078 C,10592,180,159,188
2079 C,10593,153,124,164
208 C,10594,134,32,66
2080 C,10595,151,116,171
2081 C,10596,133,94,155
2082 C,10597,119,77,146
2083 C,10598,148,96,200
2084 C,10599,127,54,179
2085 C,10600,219,204,230
2086 C,10601,160,140,205
2087 C,10602,155,125,214
2088 C,10603,129,92,199
2089 C,10604,111,72,188
209 C,10605,112,40,63
2090 C,10606,100,56,181
2091 C,10607,74,18,160
2092 C,10608,181,171,215
2093 C,10609,167,155,196
2094 C,10610,140,128,174
2095 C,10611,119,101,178
2096 C,10612,100,79,164
2097 C,10613,99,69,189
2098 C,10614,71,36,170
2099 C,10615,177,162,201
210 C,10616,247,161,202
2100 C,10617,160,145,203
2101 C,10618,137,116,208
2102 C,10619,100,88,176
2103 C,10620,87,75,169
2104 C,10621,73,55,155
2105 C,10622,56,33,126
2106 C,10623,175,182,206
2107 C,10624,142,152,186
2108 C,10625,119,128,169
2109 C,10626,102,110,153
211 C,10627,243,127,182
2110 C,10628,90,97,142
2111 C,10629,67,78,126
2112 C,10630,51,31,103
2113 C,10631,164,175,228
2114 C,10632,127,140,198
2115 C,10633,110,121,188
2116 C,10634,93,105,178
2117 C,10635,66,73,156
2118 C,10636,51,53,121
2119 C,10637,42,46,100
212 C,10638,239,80,154
2120 C,10639,188,202,233
2121 C,10640,139,171,217
2122 C,10641,155,174,228
2123 C,10642,119,147,220
2124 C,10643,110,124,213
2125 C,10644,79,97,200
2126 C,10645,43,58,178
2127 C,10646,184,200,224
2128 C,10647,151,182,230
2129 C,10648,92,141,220
213 C,10649,227,31,122
2130 C,10650,84,119,211
2131 C,10651,52,90,191
2132 C,10652,0,87,193
2133 C,10653,24,88,167
2134 C,10654,144,164,206
2135 C,10655,116,140,192
2136 C,10656,129,149,184
2137 C,10657,106,128,169
2138 C,10658,99,118,147
2139 C,10659,73,104,149
214 C,10660,206,25,108
2140 C,10661,54,84,130
2141 C,10662,138,188,231
2142 C,10663,127,173,228
2143 C,10664,62,135,203
2144 C,10665,0,103,184
2145 C,10666,0,79,169
2146 C,10667,0,55,145
2147 C,10668,0,38,120
2148 C,10669,95,146,179
2149 C,10670,75,130,170
215 C,10671,169,23,89
2150 C,10672,51,116,157
2151 C,10673,36,107,163
2152 C,10674,23,101,145
2153 C,10675,0,87,126
2154 C,10676,0,71,131
2155 C,10677,156,183,204
2156 C,10678,137,167,195
2157 C,10679,116,149,179
2158 C,10680,91,128,165
2159 C,10681,76,119,156
216 C,10682,122,33,70
2160 C,10683,63,106,146
2161 C,10684,38,89,129
2162 C,10685,158,167,180
2163 C,10686,133,156,175
2164 C,10687,124,148,169
2165 C,10688,103,130,152
2166 C,10689,85,115,141
2167 C,10690,80,110,136
2168 C,10691,32,74,93
2169 C,10692,127,175,210
217 C,10693,231,189,217
2170 C,10694,94,155,198
2171 C,10695,72,161,225
2172 C,10696,19,124,210
2173 C,10697,0,131,212
2174 C,10698,1,118,206
2175 C,10699,0,106,198
2176 C,10700,164,182,194
2177 C,10701,126,161,174
2178 C,10702,105,143,157
2179 C,10703,80,123,140
218 C,10704,229,111,179
2180 C,10705,61,109,126
2181 C,10706,41,92,107
2182 C,10707,21,75,93
2183 C,10708,1,147,189
2184 C,10709,0,131,212
2185 C,10710,0,118,166
2186 C,10711,0,73,135
2187 C,10712,0,70,119
2188 C,10713,0,66,106
2189 C,10714,0,51,74
219 C,10715,216,30,131
2190 C,10716,85,183,230
2191 C,10717,0,162,226
2192 C,10718,0,143,218
2193 C,10719,0,143,218
2194 C,10720,0,134,215
2195 C,10721,0,119,206
2196 C,10722,0,104,175
2197 C,10723,112,211,232
2198 C,10724,69,202,228
2199 C,10725,0,186,220
220 C,10726,165,5,81
2200 C,10727,0,168,198
2201 C,10728,0,173,214
2202 C,10729,3,165,223
2203 C,10730,0,136,175
2204 C,10731,171,205,215
2205 C,10732,135,178,196
2206 C,10733,117,159,179
2207 C,10734,101,155,178
2208 C,10735,83,137,163
2209 C,10736,74,135,160
221 C,10737,144,5,71
2210 C,10738,0,79,115
2211 C,10739,109,155,166
2212 C,10740,78,133,146
2213 C,10741,49,113,123
2214 C,10742,45,111,122
2215 C,10743,44,86,100
2216 C,10744,44,78,90
2217 C,10745,0,60,66
2218 C,10746,114,176,190
2219 C,10747,89,164,180
222 C,10748,105,29,68
2220 C,10749,69,151,168
2221 C,10750,40,139,158
2222 C,10751,22,131,152
2223 C,10752,0,118,141
2224 C,10753,0,107,130
2225 C,10754,118,214,227
2226 C,10755,61,203,218
2227 C,10756,87,189,202
2228 C,10757,0,166,191
2229 C,10758,0,157,183
223 C,10759,238,152,208
2230 C,10760,0,140,162
2231 C,10761,0,124,146
2232 C,10762,112,177,181
2233 C,10763,88,168,176
2234 C,10764,76,160,167
2235 C,10765,37,149,158
2236 C,10766,39,145,158
2237 C,10767,0,133,142
2238 C,10768,0,105,118
2239 C,10769,0,209,183
224 C,10770,234,111,189
2240 C,10771,0,194,162
2241 C,10772,89,163,149
2242 C,10773,0,165,120
2243 C,10774,0,150,123
2244 C,10775,23,129,111
2245 C,10776,0,134,85
2246 C,10777,167,215,190
2247 C,10778,117,192,153
2248 C,10779,112,183,143
2249 C,10780,91,171,130
225 C,10781,223,31,150
2250 C,10782,0,178,117
2251 C,10783,0,172,110
2252 C,10784,0,167,76
2253 C,10785,189,235,202
2254 C,10786,170,222,178
2255 C,10787,134,210,150
2256 C,10788,83,195,114
2257 C,10789,0,173,80
2258 C,10790,0,133,35
2259 C,10791,0,113,36
226 C,10792,204,5,110
2260 C,10793,179,206,173
2261 C,10794,153,185,146
2262 C,10795,138,172,137
2263 C,10796,115,151,111
2264 C,10797,106,151,97
2265 C,10798,90,126,81
2266 C,10799,51,86,39
2267 C,10800,152,224,152
2268 C,10801,117,217,125
2269 C,10802,124,203,108
227 C,10803,169,3,96
2270 C,10804,38,200,77
2271 C,10805,0,186,51
2272 C,10806,0,153,24
2273 C,10807,30,114,39
2274 C,10808,205,221,178
2275 C,10809,195,221,150
2276 C,10810,137,168,78
2277 C,10811,86,150,31
2278 C,10812,81,129,34
2279 C,10813,92,126,42
228 C,10814,138,16,89
2280 C,10815,75,105,32
2281 C,10816,216,234,158
2282 C,10817,197,232,150
2283 C,10818,166,226,98
2284 C,10819,180,215,128
2285 C,10820,146,217,75
2286 C,10821,121,202,6
2287 C,10822,91,197,7
2288 C,10823,201,228,123
2289 C,10824,197,218,123
229 C,10825,102,33,70
2290 C,10826,170,220,32
2291 C,10827,166,214,15
2292 C,10828,146,201,19
2293 C,10829,139,196,4
2294 C,10830,118,170,1
2295 C,10831,224,236,138
2296 C,10832,213,233,102
2297 C,10833,190,222,22
2298 C,10834,180,220,87
2299 C,10835,163,211,53
230 C,10836,244,166,215
2300 C,10837,167,195,65
2301 C,10838,144,174,27
2302 C,10839,175,185,101
2303 C,10840,159,179,87
2304 C,10841,159,173,78
2305 C,10842,157,167,8
2306 C,10843,128,141,37
2307 C,10844,105,111,20
2308 C,10845,93,85,30
2309 C,10846,230,205,180
231 C,10847,241,121,201
2310 C,10848,215,191,168
2311 C,10849,202,167,134
2312 C,10850,181,155,130
2313 C,10851,194,148,104
2314 C,10852,169,117,69
2315 C,10853,145,74,18
2316 C,10854,186,154,123
2317 C,10855,180,135,94
2318 C,10856,162,116,73
2319 C,10857,139,93,49
232 C,10858,231,63,172
2320 C,10859,113,73,37
2321 C,10860,109,81,57
2322 C,10861,77,54,37
2323 C,10862,180,177,153
2324 C,10863,179,164,133
2325 C,10864,159,145,117
2326 C,10865,139,125,96
2327 C,10866,129,121,89
2328 C,10867,120,104,75
2329 C,10868,102,87,59
233 C,10869,197,8,127
2330 C,10870,205,204,200
2331 C,10871,173,167,167
2332 C,10872,138,137,133
2333 C,10873,114,111,108
2334 C,10874,106,100,98
2335 C,10875,93,79,71
2336 C,10876,78,75,72
2337 C,10877,247,193,185
2338 C,10878,222,165,158
2339 C,10879,237,149,147
234 C,10880,162,4,105
2340 C,10881,204,111,119
2341 C,10882,179,109,112
2342 C,10883,179,91,101
2343 C,10884,166,86,103
2344 C,10885,239,127,111
2345 C,10886,253,111,106
2346 C,10887,254,90,107
2347 C,10888,225,5,2
2348 C,10889,227,84,77
2349 C,10890,202,56,6
235 C,10891,131,11,86
2350 C,10892,174,35,27
2351 C,10893,187,123,179
2352 C,10894,180,102,167
2353 C,10895,190,79,166
2354 C,10896,146,80,142
2355 C,10897,134,6,123
2356 C,10898,112,3,98
2357 C,10899,97,20,69
2358 C,10900,170,164,175
2359 C,10901,126,115,134
236 C,10902,241,167,221
2360 C,10903,121,123,145
2361 C,10904,110,112,141
2362 C,10905,107,107,132
2363 C,10906,97,94,118
2364 C,10907,101,91,109
2365 C,10908,235,186,226
2366 C,10909,104,108,206
2367 C,10910,78,76,177
2368 C,10911,76,73,191
2369 C,10912,59,64,183
237 C,10913,234,135,208
2370 C,10914,47,42,149
2371 C,10915,49,8,142
2372 C,10916,38,30,120
2373 C,10917,112,131,160
2374 C,10918,76,96,128
2375 C,10919,225,120,206
2376 C,10920,77,91,114
2377 C,10921,45,85,111
2378 C,10922,55,74,104
2379 C,10923,58,69,88
238 C,10924,226,94,192
2380 C,10925,39,51,74
2381 C,10926,93,148,222
2382 C,10927,0,137,216
2383 C,10928,34,118,177
2384 C,10929,0,97,160
2385 C,10930,210,58,179
2386 C,10931,36,105,196
2387 C,10932,6,99,201
2388 C,10933,0,80,180
2389 C,10934,77,160,201
239 C,10935,218,64,178
2390 C,10936,2,123,171
2391 C,10937,0,128,167
2392 C,10938,8,103,133
2393 C,10939,0,145,203
2394 C,10940,0,139,205
2395 C,10941,196,4,160
2396 C,10942,0,154,180
2397 C,10943,0,182,191
2398 C,10944,0,186,182
2399 C,10945,0,172,160
240 C,10946,196,44,156
2400 C,10947,0,176,150
2401 C,10948,49,167,154
2402 C,10949,0,158,134
2403 C,10950,0,138,124
2404 C,10951,163,185,157
2405 C,10952,175,3,142
2406 C,10953,128,157,135
2407 C,10954,107,143,118
2408 C,10955,70,123,85
2409 C,10956,76,101,74
241 C,10957,173,23,132
2410 C,10958,67,91,63
2411 C,10959,27,67,35
2412 C,10960,69,214,152
2413 C,10961,50,184,145
2414 C,10962,0,189,129
2415 C,10963,159,3,127
2416 C,10964,0,178,118
2417 C,10965,32,156,107
2418 C,10966,0,135,63
2419 C,10967,0,125,91
242 C,10968,127,35,96
2420 C,10969,0,197,96
2421 C,10970,42,182,3
2422 C,10971,0,168,45
2423 C,10972,0,171,25
2424 C,10973,37,158,1
2425 C,10974,129,5,102
2426 C,10975,0,142,22
2427 C,10976,0,96,31
2428 C,10977,221,137,46
2429 C,10978,194,94,29
243 C,10979,231,184,227
2430 C,10980,214,162,122
2431 C,10981,223,147,86
2432 C,10982,220,140,89
2433 C,10983,218,123,80
2434 C,10984,227,122,96
2435 C,10985,192,112,91
2436 C,10986,180,84,62
2437 C,10987,244,192,162
2438 C,10988,225,161,132
2439 C,10989,195,135,116
244 C,10990,229,155,221
2440 C,10991,181,147,140
2441 C,10992,165,110,94
2442 C,10993,159,97,87
2443 C,10994,141,58,33
2444 C,10995,220,165,156
2445 C,10996,219,137,142
2446 C,10997,207,135,142
2447 C,10998,175,111,120
2448 C,10999,218,98,84
2449 C,11000,70,36,40
245 C,11001,220,128,212
2450 C,11002,215,70,136
2451 C,11003,181,67,113
2452 C,11004,195,57,113
2453 C,11005,185,152,198
2454 C,11006,35,126,163
2455 C,11007,146,191,181
2456 C,11008,42,156,138
2457 C,11009,139,170,153
2458 C,11010,103,152,131
2459 C,11011,84,174,147
246 C,11012,198,39,179
2460 C,11013,105,176,171
2461 C,11014,36,150,147
2462 C,11015,89,142,133
2463 C,11016,90,117,113
2464 C,11017,119,190,112
2465 C,11018,30,111,49
2466 C,11019,38,80,77
2467 C,11020,181,145,108
2468 C,11021,151,106,76
2469 C,11022,142,87,59
247 C,11023,185,27,164
2470 C,11024,153,127,97
2471 C,11025,164,136,120
2472 C,11026,96,66,44
2473 C,11027,194,185,189
2474 C,11028,174,160,152
2475 C,11029,161,136,130
2476 C,11030,129,109,108
2477 C,11031,112,88,87
2478 C,11032,74,54,60
2479 C,11033,63,53,48
248 C,11034,163,28,146
249 C,11035,130,42,110
250 C,11036,232,187,230
251 C,11037,219,155,223
252 C,11038,201,100,207
253 C,11039,171,31,172
254 C,11040,150,30,150
255 C,11041,113,36,108
256 C,11042,212,191,223
2562 C,11043,213,170,229
2563 C,11044,201,164,215
2567 C,11045,194,162,220
257 C,11046,198,162,209
2572 C,11047,197,139,219
2573 C,11048,185,134,207
2577 C,11049,169,124,204
258 C,11050,140,72,155
2582 C,11051,170,81,201
2583 C,11052,159,94,180
2587 C,11053,128,70,175
259 C,11054,108,31,120
2592 C,11055,152,39,181
2593 C,11056,132,51,156
2597 C,11057,91,9,139
260 C,11058,100,39,103
2602 C,11059,132,27,158
2603 C,11060,112,36,131
2607 C,11061,77,7,121
261 C,11062,92,42,96
2612 C,11063,117,37,131
2613 C,11064,102,32,119
2617 C,11065,67,10,102
262 C,11066,79,41,79
2622 C,11067,99,50,102
2623 C,11068,94,33,104
2627 C,11069,59,17,84
263 C,11070,213,198,232
2635 C,11071,195,181,226
264 C,11072,191,166,226
2645 C,11073,170,151,220
265 C,11074,143,101,206
2655 C,11075,149,119,212
266 C,11076,114,60,189
2665 C,11077,124,86,198
267 C,11078,94,37,158
268 C,11079,86,46,134
2685 C,11080,48,2,115
269 C,11081,80,47,111
2695 C,11082,44,26,73
270 C,11083,177,179,222
2705 C,11084,166,167,228
2706 C,11085,204,213,235
2707 C,11086,193,215,238
2708 C,11087,181,204,235
271 C,11088,149,151,212
2715 C,11089,136,131,215
2716 C,11090,158,173,227
2717 C,11091,167,199,240
2718 C,11092,89,135,218
272 C,11093,114,115,194
2725 C,11094,100,91,199
2726 C,11095,67,93,200
2727 C,11096,47,129,227
2728 C,11097,0,72,186
273 C,11098,36,19,95
2735 C,11099,43,0,139
2736 C,11100,27,37,173
2738 C,11101,0,5,141
274 C,11102,32,22,82
2745 C,11103,37,0,112
2746 C,11104,23,29,143
2747 C,11105,0,26,114
2748 C,11106,0,26,116
275 C,11107,32,24,74
2755 C,11108,34,13,99
2756 C,11109,17,32,110
2757 C,11110,0,31,99
2758 C,11111,0,31,99
276 C,11112,33,28,54
2765 C,11113,30,22,71
2766 C,11114,16,28,78
2767 C,11115,15,41,76
2768 C,11116,8,30,75
277 C,11117,168,203,233
278 C,11118,137,185,234
279 C,11119,61,145,224
280 C,11120,0,33,105
281 C,11121,0,33,93
282 C,11122,2,30,67
283 C,11123,145,194,235
284 C,11124,107,173,229
285 C,11125,0,115,207
286 C,11126,0,50,161
287 C,11127,0,48,135
288 C,11128,0,46,116
289 C,11129,10,35,64
290 C,11130,182,218,238
2905 C,11131,138,199,232
291 C,11132,154,203,234
2915 C,11133,97,181,230
292 C,11134,103,180,234
2925 C,11135,0,156,222
293 C,11136,5,62,167
2935 C,11137,0,87,182
294 C,11138,0,48,109
2945 C,11139,0,77,150
295 C,11140,0,41,86
2955 C,11141,0,55,100
296 C,11142,3,28,45
2965 C,11143,0,37,61
297 C,11144,110,197,232
2975 C,11145,151,214,235
298 C,11146,62,182,231
2985 C,11147,89,196,232
299 C,11148,0,162,224
2995 C,11149,0,169,224
300 C,11150,0,93,183
3005 C,11151,0,120,201
301 C,11152,0,76,136
3015 C,11153,0,98,155
302 C,11154,0,59,92
3025 C,11155,0,79,115
303 C,11156,0,42,57
3035 C,11157,0,63,84
304 C,11158,152,218,232
305 C,11159,87,203,234
306 C,11160,0,182,226
307 C,11161,0,108,168
308 C,11162,0,87,124
309 C,11163,0,59,73
310 C,11164,99,209,227
3105 C,11165,99,209,223
311 C,11166,0,195,223
3115 C,11167,0,193,213
312 C,11168,0,168,205
3125 C,11169,0,172,199
313 C,11170,1,147,189
3135 C,11171,0,143,170
314 C,11172,0,127,165
3145 C,11173,0,121,140
315 C,11174,0,104,128
3155 C,11175,0,100,115
316 C,11176,0,72,82
3165 C,11177,0,80,89
317 C,11178,176,228,229
318 C,11179,133,219,223
319 C,11180,42,205,213
320 C,11181,0,156,168
321 C,11182,0,142,151
322 C,11183,0,117,121
323 C,11184,0,95,98
324 C,11185,154,219,215
3242 C,11186,109,219,215
3245 C,11187,122,225,211
3248 C,11188,107,205,184
325 C,11189,100,204,203
3252 C,11190,32,210,202
3255 C,11191,37,213,198
3258 C,11192,71,196,179
326 C,11193,0,178,171
3262 C,11194,0,193,180
3265 C,11195,0,199,178
3268 C,11196,0,170,143
327 C,11197,0,135,119
3272 C,11198,0,163,154
3275 C,11199,0,179,154
3278 C,11200,0,156,119
328 C,11201,0,115,104
3282 C,11202,0,135,121
3285 C,11203,0,149,128
3288 C,11204,0,130,101
329 C,11205,0,104,96
3292 C,11206,0,91,82
3295 C,11207,0,119,99
3298 C,11208,0,108,83
330 C,11209,0,83,75
3302 C,11210,0,76,70
3305 C,11211,0,78,66
3308 C,11212,0,71,58
331 C,11213,164,231,219
332 C,11214,138,226,208
333 C,11215,57,219,194
334 C,11216,0,153,119
335 C,11217,0,122,95
336 C,11218,0,103,80
337 C,11219,140,213,188
3375 C,11220,121,226,192
338 C,11221,108,205,178
3385 C,11222,69,216,174
339 C,11223,0,180,138
3395 C,11224,0,195,136
340 C,11225,0,151,96
3405 C,11226,0,175,103
341 C,11227,0,123,85
3415 C,11228,0,120,74
342 C,11229,0,103,72
3425 C,11230,0,98,66
343 C,11231,17,89,65
3435 C,11232,17,70,52
344 C,11233,160,220,181
345 C,11234,145,213,173
346 C,11235,112,203,153
347 C,11236,0,155,70
348 C,11237,0,132,61
349 C,11238,0,106,57
350 C,11239,43,84,52
3500 C,11240,0,109,50
3501 C,11241,73,173,10
3506 C,11242,16,97,173
3507 C,11243,175,208,11
3508 C,11244,91,120,48
351 C,11245,162,230,187
3514 C,11246,246,184,5
3515 C,11247,95,1,124
3516 C,11248,219,54,19
3517 C,11249,192,5,24
3519 C,11250,225,166,174
352 C,11251,142,227,177
3520 C,11252,176,122,195
3522 C,11253,0,138,51
3523 C,11254,113,46,52
3524 C,11255,47,41,83
3526 C,11256,123,149,158
3527 C,11257,209,65,157
3529 C,11258,25,167,37
353 C,11259,125,224,166
3533 C,11260,102,218,199
3534 C,11261,0,178,161
3535 C,11262,61,3,133
3536 C,11263,0,118,51
3537 C,11264,0,72,30
3538 C,11265,0,150,214
3539 C,11266,60,156,46
354 C,11267,0,179,68
3541 C,11268,0,147,158
3542 C,11269,47,18,124
3543 C,11270,162,143,210
3544 C,11271,223,184,169
3545 C,11272,0,188,226
3546 C,11273,205,9,29
3547 C,11274,197,145,24
355 C,11275,0,152,59
3551 C,11276,0,165,199
3553 C,11277,0,110,181
3555 C,11278,81,33,123
3556 C,11279,236,59,51
3557 C,11280,0,125,129
3558 C,11281,143,156,211
3559 C,11282,142,82,169
356 C,11283,0,124,54
3560 C,11284,0,163,152
3561 C,11285,119,196,11
3564 C,11286,237,106,4
3566 C,11287,70,43,115
3568 C,11288,240,202,220
357 C,11289,32,88,52
3570 C,11290,178,215,6
3572 C,11291,253,157,163
3574 C,11292,90,70,128
3575 C,11293,147,114,195
3577 C,11294,139,185,223
358 C,11295,172,220,146
3581 C,11296,31,50,110
3582 C,11297,209,116,168
3583 C,11298,79,31,131
3584 C,11299,44,63,128
3588 C,11300,255,148,41
359 C,11301,160,216,133
3590 C,11302,59,88,161
3591 C,11303,0,37,125
3593 C,11304,153,110,182
3595 C,11305,239,190,214
3596 C,11306,221,187,141
3597 C,11307,26,55,118
3599 C,11308,215,193,134
360 C,11309,109,193,74
361 C,11310,65,177,43
362 C,11311,82,159,50
363 C,11312,74,142,44
364 C,11313,72,118,41
365 C,11314,193,226,139
366 C,11315,181,222,123
367 C,11316,163,213,95
368 C,11317,119,189,35
369 C,11318,100,166,16
370 C,11319,98,141,29
371 C,11320,82,98,34
372 C,11321,210,236,143
373 C,11322,205,234,130
374 C,11323,196,230,109
375 C,11324,148,214,1
376 C,11325,133,190,7
377 C,11326,120,153,4
378 C,11327,88,99,30
379 C,11328,224,230,105
380 C,11329,219,228,68
381 C,11330,205,222,17
382 C,11331,194,214,10
383 C,11332,165,172,7
384 C,11333,147,146,5
385 C,11334,119,113,35
386 C,11335,232,235,108
387 C,11336,227,234,56
388 C,11337,223,232,40
389 C,11338,208,225,15
390 C,11339,181,189,7
391 C,11340,156,150,11
392 C,11341,130,123,7
393 C,11342,240,236,118
3935 C,11343,243,236,97
394 C,11344,237,235,60
3945 C,11345,241,230,7
395 C,11346,233,232,30
3955 C,11347,238,223,13
396 C,11348,223,224,8
3965 C,11349,237,220,15
397 C,11350,191,186,11
3975 C,11351,185,166,6
398 C,11352,172,163,6
3985 C,11353,154,136,4
399 C,11354,159,145,7
3995 C,11355,103,91,33
400 C,11356,196,193,184
4001 C,11357,234,221,159
4002 C,11358,221,199,131
4003 C,11359,211,201,154
4004 C,11360,201,183,121
4005 C,11361,192,175,125
4006 C,11362,185,163,113
4007 C,11363,172,150,95
4008 C,11364,243,177,38
4009 C,11365,238,157,74
401 C,11366,174,171,162
4010 C,11367,230,107,18
4011 C,11368,224,120,79
4012 C,11369,232,114,62
4013 C,11370,202,108,41
4014 C,11371,183,105,73
4015 C,11372,210,200,101
4016 C,11373,213,193,61
4017 C,11374,223,185,65
4018 C,11375,208,179,73
4019 C,11376,193,169,78
402 C,11377,157,152,144
4020 C,11378,190,160,11
4021 C,11379,174,147,54
4022 C,11380,207,181,127
4023 C,11381,210,181,106
4024 C,11382,209,173,103
4025 C,11383,212,161,73
4026 C,11384,188,140,62
4027 C,11385,142,100,33
4028 C,11386,127,95,42
4029 C,11387,231,205,164
403 C,11388,139,133,124
4030 C,11389,240,202,174
4031 C,11390,233,203,187
4032 C,11391,244,203,192
4033 C,11392,245,187,170
4034 C,11393,200,149,116
4035 C,11394,197,150,116
4036 C,11395,191,154,151
4037 C,11396,179,125,120
4038 C,11397,177,115,105
4039 C,11398,173,105,96
404 C,11399,118,110,100
4040 C,11400,151,108,103
4041 C,11401,126,93,87
4042 C,11402,119,93,83
4043 C,11403,222,196,173
4044 C,11404,195,161,138
4045 C,11405,184,150,131
4046 C,11406,175,150,129
4047 C,11407,171,141,118
4048 C,11408,162,130,106
4049 C,11409,149,131,112
405 C,11410,104,98,89
4050 C,11411,216,172,150
4051 C,11412,222,137,121
4052 C,11413,216,136,120
4053 C,11414,206,125,107
4054 C,11415,168,84,62
4055 C,11416,165,85,71
4056 C,11417,132,80,71
4057 C,11418,225,103,93
4058 C,11419,228,76,86
4059 C,11420,194,49,66
406 C,11421,196,189,185
4060 C,11422,189,56,67
4061 C,11423,188,100,96
4062 C,11424,166,69,70
4063 C,11425,154,66,53
4064 C,11426,233,179,186
4065 C,11427,226,174,177
4066 C,11428,232,160,155
4067 C,11429,231,160,159
4068 C,11430,229,145,148
4069 C,11431,199,81,97
407 C,11432,176,166,161
4070 C,11433,179,60,81
4071 C,11434,206,138,159
4072 C,11435,223,124,155
4073 C,11436,199,72,115
4074 C,11437,125,28,75
4075 C,11438,129,54,81
4076 C,11439,129,67,90
4077 C,11440,130,71,86
4078 C,11441,229,194,214
4079 C,11442,205,169,196
408 C,11443,150,140,135
4080 C,11444,206,175,204
4081 C,11445,174,143,169
4082 C,11446,165,101,143
4083 C,11447,134,91,147
4084 C,11448,110,61,97
4085 C,11449,199,185,175
4086 C,11450,187,166,168
4087 C,11451,181,158,151
4088 C,11452,166,138,129
4089 C,11453,161,140,136
409 C,11454,133,122,117
4090 C,11455,143,115,105
4091 C,11456,122,95,94
4092 C,11457,201,168,181
4093 C,11458,174,145,149
4094 C,11459,145,105,119
4095 C,11460,136,91,107
4096 C,11461,119,74,78
4097 C,11462,114,77,81
4098 C,11463,101,70,62
4099 C,11464,170,132,132
410 C,11465,117,103,100
4100 C,11466,125,79,80
4101 C,11467,98,36,41
4102 C,11468,85,29,37
4103 C,11469,80,36,47
4104 C,11470,83,60,62
4105 C,11471,101,63,52
4106 C,11472,196,170,179
4107 C,11473,170,145,164
4108 C,11474,163,134,151
4109 C,11475,158,121,139
411 C,11476,93,82,77
4110 C,11477,139,111,130
4111 C,11478,125,88,108
4112 C,11479,138,109,115
4113 C,11480,162,142,146
4114 C,11481,155,141,147
4115 C,11482,146,127,130
4116 C,11483,152,132,132
4117 C,11484,113,100,117
4118 C,11485,68,58,78
4119 C,11486,62,57,68
412 C,11487,56,49,48
4120 C,11488,183,171,210
4121 C,11489,154,141,183
4122 C,11490,119,108,178
4123 C,11491,165,168,188
4124 C,11492,143,146,177
4125 C,11493,93,92,119
4126 C,11494,79,64,100
4127 C,11495,125,128,150
4128 C,11496,108,114,132
4129 C,11497,103,112,128
413 C,11498,184,189,180
4130 C,11499,81,90,109
4131 C,11500,70,75,92
4132 C,11501,58,58,74
4133 C,11502,58,59,71
4134 C,11503,160,163,176
4135 C,11504,120,133,156
4136 C,11505,97,111,129
4137 C,11506,71,95,119
4138 C,11507,75,97,115
4139 C,11508,77,91,109
414 C,11509,166,170,159
4140 C,11510,54,60,71
4141 C,11511,70,99,162
4142 C,11512,60,79,129
4143 C,11513,65,84,111
4144 C,11514,57,59,92
4145 C,11515,47,51,79
4146 C,11516,26,30,55
4147 C,11517,38,34,66
4148 C,11518,96,150,177
4149 C,11519,137,170,198
415 C,11520,145,149,136
4150 C,11521,79,125,185
4151 C,11522,0,104,175
4152 C,11523,11,82,149
4153 C,11524,22,77,137
4154 C,11525,11,66,118
4155 C,11526,186,201,206
4156 C,11527,151,192,204
4157 C,11528,100,174,195
4158 C,11529,52,126,150
4159 C,11530,0,86,131
416 C,11531,125,128,116
4160 C,11532,1,73,96
4161 C,11533,46,75,89
4162 C,11534,167,211,197
4163 C,11535,142,202,185
4164 C,11536,21,128,116
4165 C,11537,27,106,97
4166 C,11538,63,119,115
4167 C,11539,47,101,94
4168 C,11540,33,70,69
4169 C,11541,180,200,193
417 C,11542,99,103,93
4170 C,11543,163,190,188
4171 C,11544,155,185,184
4172 C,11545,129,178,171
4173 C,11546,130,197,193
4174 C,11547,130,194,194
4175 C,11548,145,187,195
4176 C,11549,197,207,194
4177 C,11550,184,189,174
4178 C,11551,166,174,153
4179 C,11552,149,166,129
418 C,11553,82,83,74
4180 C,11554,142,154,128
4181 C,11555,114,135,113
4182 C,11556,105,121,102
4183 C,11557,183,193,182
4184 C,11558,153,170,158
4185 C,11559,135,164,155
4186 C,11560,103,142,137
4187 C,11561,101,124,122
4188 C,11562,64,92,91
4189 C,11563,26,75,83
419 C,11564,31,34,33
4190 C,11565,167,180,165
4191 C,11566,146,165,156
4192 C,11567,131,149,135
4193 C,11568,96,104,91
4194 C,11569,85,100,98
4195 C,11570,99,102,103
4196 C,11571,68,85,90
4197 C,11572,138,157,145
4198 C,11573,105,126,114
4199 C,11574,88,106,95
420 C,11575,198,202,199
4200 C,11576,89,108,99
4201 C,11577,79,105,94
4202 C,11578,56,78,71
4203 C,11579,43,72,64
4204 C,11580,191,210,169
4205 C,11581,166,193,135
4206 C,11582,142,175,130
4207 C,11583,123,162,121
4208 C,11584,59,112,84
4209 C,11585,56,89,77
421 C,11586,176,180,177
4210 C,11587,47,80,68
4211 C,11588,207,218,150
4212 C,11589,134,172,65
4213 C,11590,104,143,53
4214 C,11591,91,122,86
4215 C,11592,81,112,64
4216 C,11593,60,87,36
4217 C,11594,73,94,35
4218 C,11595,174,182,159
4219 C,11596,164,171,152
422 C,11597,155,162,164
4220 C,11598,135,139,121
4221 C,11599,123,126,98
4222 C,11600,115,118,99
4223 C,11601,97,104,83
4224 C,11602,62,74,56
4225 C,11603,139,131,113
4226 C,11604,132,130,103
4227 C,11605,105,105,82
4228 C,11606,88,85,62
4229 C,11607,92,93,75
423 C,11608,134,141,143
4230 C,11609,89,84,77
4231 C,11610,99,94,80
4232 C,11611,209,206,9
4233 C,11612,191,190,8
4234 C,11613,186,193,92
4235 C,11614,175,177,126
4236 C,11615,192,191,109
4237 C,11616,171,165,99
4238 C,11617,140,139,83
4239 C,11618,199,196,179
424 C,11619,112,114,114
4240 C,11620,200,189,164
4241 C,11621,186,172,137
4242 C,11622,135,120,80
4243 C,11623,131,107,80
4244 C,11624,125,106,81
4245 C,11625,91,81,65
4246 C,11626,202,196,169
4247 C,11627,209,193,170
4248 C,11628,213,196,169
4249 C,11629,194,173,140
425 C,11630,81,89,89
4250 C,11631,186,169,137
4251 C,11632,183,163,122
4252 C,11633,182,163,133
4253 C,11634,185,165,141
4254 C,11635,189,153,114
4255 C,11636,172,152,120
4256 C,11637,170,145,115
4257 C,11638,146,125,110
4258 C,11639,109,93,89
4259 C,11640,47,41,35
426 C,11641,37,40,43
4260 C,11642,205,169,146
4261 C,11643,158,111,71
4262 C,11644,167,114,79
4263 C,11645,172,111,76
4264 C,11646,172,115,85
4265 C,11647,154,100,74
4266 C,11648,155,96,60
4267 C,11649,192,176,163
4268 C,11650,178,160,142
4269 C,11651,169,146,120
427 C,11652,206,210,213
4270 C,11653,149,135,113
4271 C,11654,142,123,108
4272 C,11655,127,107,97
4273 C,11656,79,71,70
4274 C,11657,176,183,187
4275 C,11658,171,175,172
4276 C,11659,156,158,161
4277 C,11660,141,138,145
4278 C,11661,126,126,132
4279 C,11662,90,83,88
428 C,11663,192,200,204
4280 C,11664,36,42,55
4281 C,11665,176,176,176
4282 C,11666,173,170,171
4283 C,11667,167,162,163
4284 C,11668,113,107,117
4285 C,11669,104,97,106
4286 C,11670,93,84,94
4287 C,11671,69,65,66
4288 C,11672,182,190,182
4289 C,11673,152,152,152
429 C,11674,161,170,174
4290 C,11675,143,138,139
4291 C,11676,115,110,110
4292 C,11677,114,110,113
4293 C,11678,99,92,101
4294 C,11679,84,81,86
430 C,11680,125,136,144
431 C,11681,90,104,113
432 C,11682,49,64,74
433 C,11683,27,37,47
434 C,11684,206,196,198
435 C,11685,191,179,182
436 C,11686,170,153,158
437 C,11687,123,101,107
438 C,11688,88,68,70
439 C,11689,68,53,54
440 C,11690,56,46,46
441 C,11691,188,198,195
442 C,11692,163,173,173
443 C,11693,146,157,158
444 C,11694,110,124,126
445 C,11695,78,86,89
446 C,11696,61,68,66
447 C,11697,54,58,55
448 C,11698,74,65,43
4485 C,11699,95,77,38
449 C,11700,81,69,41
4495 C,11701,138,120,50
450 C,11702,90,76,37
4505 C,11703,151,132,68
451 C,11704,155,148,97
4515 C,11705,179,165,107
452 C,11706,175,169,126
4525 C,11707,199,184,133
453 C,11708,187,186,151
4535 C,11709,205,196,149
454 C,11710,201,200,170
4545 C,11711,213,204,160
455 C,11712,104,91,37
456 C,11713,159,141,43
457 C,11714,184,158,31
458 C,11715,217,198,89
459 C,11716,220,205,100
460 C,11717,228,217,128
461 C,11718,230,222,151
462 C,11719,94,70,46
4625 C,11720,79,43,28
463 C,11721,114,79,40
4635 C,11722,149,96,56
464 C,11723,138,90,43
4645 C,11724,170,123,91
465 C,11725,185,152,93
4655 C,11726,190,149,119
466 C,11727,197,170,119
4665 C,11728,203,166,136
467 C,11729,209,187,140
4675 C,11730,218,190,168
468 C,11731,218,202,163
4685 C,11732,224,199,174
469 C,11733,103,63,34
4695 C,11734,89,51,41
470 C,11735,165,91,44
4705 C,11736,124,77,60
471 C,11737,181,98,39
4715 C,11738,149,106,87
472 C,11739,227,157,109
4725 C,11740,175,139,121
473 C,11741,239,191,155
4735 C,11742,191,162,147
474 C,11743,239,198,168
4745 C,11744,201,180,167
475 C,11745,242,209,180
4755 C,11746,213,195,182
476 C,11747,78,53,42
477 C,11748,95,59,43
478 C,11749,112,65,42
479 C,11750,169,127,101
480 C,11751,194,169,147
481 C,11752,211,189,171
482 C,11753,220,200,184
483 C,11754,100,48,38
484 C,11755,153,50,37
485 C,11756,216,40,27
486 C,11757,230,146,123
487 C,11758,235,168,151
488 C,11759,235,187,171
489 C,11760,233,196,178
490 C,11761,91,42,43
491 C,11762,126,49,54
492 C,11763,142,50,55
493 C,11764,221,134,155
494 C,11765,232,163,178
495 C,11766,241,191,203
496 C,11767,240,199,206
497 C,11768,81,48,46
4975 C,11769,63,33,35
498 C,11770,104,57,53
4985 C,11771,136,77,83
499 C,11772,121,62,58
4995 C,11773,154,98,107
500 C,11774,198,135,147
5005 C,11775,175,126,132
501 C,11776,218,165,175
5015 C,11777,204,163,169
502 C,11778,230,187,195
5025 C,11779,220,184,188
503 C,11780,233,198,200
5035 C,11781,222,195,196
504 C,11782,88,43,52
505 C,11783,111,46,65
506 C,11784,130,53,80
507 C,11785,212,147,172
508 C,11786,226,169,188
509 C,11787,230,179,196
510 C,11788,233,189,204
511 C,11789,98,45,81
5115 C,11790,78,43,69
512 C,11791,131,50,122
5125 C,11792,103,61,95
513 C,11793,147,52,144
5135 C,11794,124,84,115
514 C,11795,211,139,200
5145 C,11796,154,118,147
515 C,11797,227,174,217
5155 C,11798,189,164,182
516 C,11799,229,189,222
5165 C,11800,210,194,208
517 C,11801,234,199,225
5175 C,11802,215,200,210
518 C,11803,75,48,74
5185 C,11804,73,50,66
519 C,11805,88,49,95
5195 C,11806,101,67,91
520 C,11807,99,48,109
5205 C,11808,132,99,123
521 C,11809,164,126,178
5215 C,11810,171,149,166
522 C,11811,185,156,199
5225 C,11812,196,176,190
523 C,11813,199,178,209
5235 C,11814,208,191,200
524 C,11815,214,195,218
5245 C,11816,217,203,211
525 C,11817,86,46,97
5255 C,11818,29,27,53
526 C,11819,111,47,138
5265 C,11820,63,57,95
527 C,11821,128,51,168
5275 C,11822,87,84,119
528 C,11823,179,127,210
5285 C,11824,140,137,166
529 C,11825,200,163,223
5295 C,11826,178,178,197
530 C,11827,214,186,230
5305 C,11828,197,197,211
531 C,11829,224,199,230
5315 C,11830,214,215,223
532 C,11831,27,32,42
533 C,11832,31,42,68
534 C,11833,24,54,93
535 C,11834,141,160,188
536 C,11835,162,178,202
537 C,11836,186,201,215
538 C,11837,196,209,220
539 C,11838,0,39,61
5395 C,11839,7,30,44
540 C,11840,0,49,87
5405 C,11841,79,117,140
541 C,11842,0,60,112
5415 C,11843,89,127,150
542 C,11844,122,176,213
5425 C,11845,120,152,172
543 C,11846,162,202,229
5435 C,11847,167,188,203
544 C,11848,188,214,232
5445 C,11849,180,202,213
545 C,11850,196,219,232
5455 C,11851,191,207,217
546 C,11852,5,42,50
5463 C,11853,6,40,45
5467 C,11854,23,51,47
547 C,11855,0,50,61
5473 C,11856,8,95,102
5477 C,11857,62,93,88
548 C,11858,0,61,78
5483 C,11859,75,133,142
5487 C,11860,94,122,119
549 C,11861,105,164,185
5493 C,11862,126,168,172
5497 C,11863,128,152,150
550 C,11864,140,184,201
5503 C,11865,149,183,189
5507 C,11866,155,176,173
551 C,11867,162,200,211
5513 C,11868,169,199,202
5517 C,11869,178,194,190
552 C,11870,184,212,221
5523 C,11871,183,209,209
5527 C,11872,186,202,198
553 C,11873,39,70,51
5535 C,11874,24,49,41
554 C,11875,27,93,67
5545 C,11876,65,105,93
555 C,11877,37,115,82
5555 C,11878,92,126,113
556 C,11879,108,161,135
5565 C,11880,123,157,146
557 C,11881,132,175,156
5575 C,11882,145,172,162
558 C,11883,153,191,172
5585 C,11884,167,190,179
559 C,11885,170,200,183
5595 C,11886,190,205,193
560 C,11887,29,61,53
5605 C,11888,34,55,44
561 C,11889,0,89,78
5615 C,11890,93,117,99
562 C,11891,0,113,100
5625 C,11892,110,132,114
563 C,11893,108,188,176
5635 C,11894,146,165,151
564 C,11895,131,201,188
5645 C,11896,161,178,164
565 C,11897,160,212,202
5655 C,11898,177,191,178
566 C,11899,183,220,212
5665 C,11900,184,196,183
567 C,11901,21,64,53
568 C,11902,0,107,93
569 C,11903,0,130,111
570 C,11904,105,202,185
571 C,11905,153,220,208
572 C,11906,163,225,213
573 C,11907,179,228,217
574 C,11908,77,92,48
5743 C,11909,62,72,40
5747 C,11910,62,69,31
575 C,11911,102,130,58
5753 C,11912,91,104,58
5757 C,11913,111,115,47
576 C,11914,121,158,76
5763 C,11915,115,123,77
5767 C,11916,138,144,76
577 C,11917,167,197,130
5773 C,11918,134,143,102
5777 C,11919,159,164,105
578 C,11920,183,206,152
5783 C,11921,161,170,133
5787 C,11922,183,188,140
579 C,11923,187,208,157
5793 C,11924,178,185,150
5797 C,11925,197,202,159
5803 C,11926,193,199,167
5807 C,11927,206,210,172
581 C,11928,98,93,33
5815 C,11929,84,81,35
582 C,11930,142,140,22
5825 C,11931,133,128,60
583 C,11932,183,192,21
5835 C,11933,161,154,89
584 C,11934,210,216,89
5845 C,11935,175,170,111
585 C,11936,220,223,115
5855 C,11937,190,187,134
586 C,11938,222,226,122
5865 C,11939,203,200,151
587 C,11940,226,228,141
5875 C,11941,208,206,158
600 C,11942,239,235,158
6001 C,11943,230,211,135
6002 C,11944,233,203,118
6003 C,11945,223,185,80
6004 C,11946,222,174,55
6005 C,11947,220,167,33
6006 C,11948,206,153,31
6007 C,11949,184,122,43
6008 C,11950,188,157,124
6009 C,11951,174,141,101
601 C,11952,236,232,145
6010 C,11953,162,127,86
6011 C,11954,156,119,73
6012 C,11955,134,96,50
6013 C,11956,120,80,40
6014 C,11957,103,81,46
6015 C,11958,238,180,138
6016 C,11959,245,157,99
6017 C,11960,249,146,75
6018 C,11961,245,131,52
6019 C,11962,236,107,15
602 C,11963,238,233,124
6020 C,11964,225,89,5
6021 C,11965,216,91,27
6022 C,11966,241,192,182
6023 C,11967,235,180,162
6024 C,11968,227,151,133
6025 C,11969,218,131,109
6026 C,11970,212,117,92
6027 C,11971,194,98,63
6028 C,11972,183,92,63
6029 C,11973,209,177,178
603 C,11974,235,223,78
6030 C,11975,197,159,155
6031 C,11976,183,143,135
6032 C,11977,176,131,122
6033 C,11978,168,120,107
6034 C,11979,160,108,92
6035 C,11980,148,95,78
6036 C,11981,188,143,154
6037 C,11982,172,120,128
6038 C,11983,160,102,112
6039 C,11984,148,86,94
604 C,11985,233,217,40
6040 C,11986,134,70,73
6041 C,11987,123,60,62
6042 C,11988,97,45,48
6043 C,11989,242,145,161
6044 C,11990,239,134,146
6045 C,11991,235,123,135
6046 C,11992,229,108,115
6047 C,11993,209,79,73
6048 C,11994,208,79,80
6049 C,11995,190,70,50
605 C,11996,226,204,4
6050 C,11997,250,168,209
6051 C,11998,250,133,175
6052 C,11999,232,113,151
6053 C,12000,246,96,139
6054 C,12001,220,86,130
6055 C,12002,209,68,104
6056 C,12003,201,59,91
6057 C,12004,210,95,165
6058 C,12005,201,77,148
6059 C,12006,194,67,137
606 C,12007,205,181,8
6060 C,12008,189,61,129
6061 C,12009,180,52,120
6062 C,12010,179,49,112
6063 C,12011,162,46,96
6064 C,12012,207,175,202
6065 C,12013,200,156,180
6066 C,12014,192,144,169
6067 C,12015,180,130,158
6068 C,12016,171,119,146
6069 C,12017,154,100,126
607 C,12018,234,229,156
6070 C,12019,154,100,126
6071 C,12020,147,120,155
6072 C,12021,116,83,119
6073 C,12022,101,69,104
6074 C,12023,97,64,96
6075 C,12024,86,56,85
6076 C,12025,72,43,68
6077 C,12026,58,41,54
6078 C,12027,190,148,209
6079 C,12028,178,126,195
608 C,12029,231,223,135
6080 C,12030,161,106,179
6081 C,12031,156,96,174
6082 C,12032,142,80,156
6083 C,12033,128,63,142
6084 C,12034,116,55,129
6085 C,12035,199,206,237
6086 C,12036,171,182,219
6087 C,12037,158,168,208
6088 C,12038,140,151,199
6089 C,12039,123,138,195
609 C,12040,231,223,122
6090 C,12041,106,117,174
6091 C,12042,82,97,157
6092 C,12043,139,144,200
6093 C,12044,129,136,196
6094 C,12045,118,122,185
6095 C,12046,109,115,182
6096 C,12047,92,96,167
6097 C,12048,75,82,155
6098 C,12049,64,69,142
6099 C,12050,140,167,223
610 C,12051,228,214,88
6100 C,12052,120,145,203
6101 C,12053,101,129,197
6102 C,12054,91,119,184
6103 C,12055,59,83,151
6104 C,12056,31,60,139
6105 C,12057,36,57,131
6106 C,12058,179,191,214
6107 C,12059,165,181,208
6108 C,12060,141,163,192
6109 C,12061,117,142,176
611 C,12062,214,200,41
6110 C,12063,111,137,170
6111 C,12064,95,122,156
6112 C,12065,57,93,128
6113 C,12066,106,136,154
6114 C,12067,100,128,146
6115 C,12068,87,116,131
6116 C,12069,73,104,120
6117 C,12070,67,96,111
6118 C,12071,49,70,77
6119 C,12072,45,62,68
612 C,12073,195,177,9
6120 C,12074,55,164,214
6121 C,12075,6,157,209
6122 C,12076,0,139,198
6123 C,12077,0,134,194
6124 C,12078,0,125,186
6125 C,12079,0,117,172
6126 C,12080,0,94,158
6127 C,12081,93,178,205
6128 C,12082,50,164,190
6129 C,12083,0,148,177
613 C,12084,179,157,11
6130 C,12085,0,134,160
6131 C,12086,2,115,140
6132 C,12087,0,123,155
6133 C,12088,0,101,130
6134 C,12089,126,203,213
6135 C,12090,113,186,195
6136 C,12091,71,167,173
6137 C,12092,51,157,160
6138 C,12093,0,145,149
6139 C,12094,0,134,137
614 C,12095,219,214,155
6140 C,12096,0,125,127
6141 C,12097,131,207,199
6142 C,12098,98,193,175
6143 C,12099,25,175,148
6144 C,12100,0,165,130
6145 C,12101,0,150,112
6146 C,12102,0,139,97
6147 C,12103,0,128,84
6148 C,12104,210,226,239
6149 C,12105,188,214,222
615 C,12106,215,208,144
6150 C,12107,160,201,201
6151 C,12108,126,185,184
6152 C,12109,95,162,149
6153 C,12110,69,139,120
6154 C,12111,34,120,92
6155 C,12112,110,166,151
6156 C,12113,90,152,130
6157 C,12114,70,140,113
6158 C,12115,49,128,97
6159 C,12116,13,113,86
616 C,12117,206,200,134
6160 C,12118,13,94,65
6161 C,12119,19,75,56
6162 C,12120,58,172,124
6163 C,12121,0,163,108
6164 C,12122,0,160,104
6165 C,12123,0,149,86
6166 C,12124,0,140,74
6167 C,12125,0,118,59
6168 C,12126,2,120,67
6169 C,12127,113,187,127
617 C,12128,193,183,98
6170 C,12129,102,176,117
6171 C,12130,89,166,99
6172 C,12131,79,149,90
6173 C,12132,43,136,66
6174 C,12133,40,127,63
6175 C,12134,49,114,63
6176 C,12135,154,194,167
6177 C,12136,132,176,145
6178 C,12137,111,165,124
6179 C,12138,90,150,106
618 C,12139,171,159,63
6180 C,12140,72,137,91
6181 C,12141,63,130,81
6182 C,12142,51,117,67
6183 C,12143,120,136,116
6184 C,12144,110,129,106
6185 C,12145,98,117,91
6186 C,12146,84,102,76
6187 C,12147,78,94,69
6188 C,12148,67,82,58
6189 C,12149,45,61,49
619 C,12150,159,145,45
6190 C,12151,227,237,189
6191 C,12152,227,234,169
6192 C,12153,209,226,123
6193 C,12154,198,216,67
6194 C,12155,180,203,15
6195 C,12156,151,179,8
6196 C,12157,148,177,9
6197 C,12158,215,219,214
6198 C,12159,198,203,193
6199 C,12160,185,189,172
620 C,12161,138,124,28
6200 C,12162,180,184,163
6201 C,12163,159,163,137
6202 C,12164,147,153,123
6203 C,12165,142,144,112
6204 C,12166,166,163,147
6205 C,12167,150,145,122
6206 C,12168,142,137,112
6207 C,12169,135,129,105
6208 C,12170,119,111,84
6209 C,12171,105,99,73
621 C,12172,206,225,216
6210 C,12173,94,90,62
6211 C,12174,138,149,156
6212 C,12175,123,133,140
6213 C,12176,113,120,126
6214 C,12177,106,113,116
6215 C,12178,94,103,106
6216 C,12179,80,83,84
6217 C,12180,70,74,71
6218 C,12181,148,159,174
6219 C,12182,128,145,158
622 C,12183,181,204,196
6220 C,12184,118,131,143
6221 C,12185,106,121,132
6222 C,12186,96,111,122
6223 C,12187,78,94,106
6224 C,12188,68,85,95
623 C,12189,154,186,175
624 C,12190,118,159,144
625 C,12191,79,129,115
626 C,12192,37,92,77
627 C,12193,18,49,45
628 C,12194,184,222,230
629 C,12195,154,211,223
630 C,12196,119,197,213
631 C,12197,61,178,202
632 C,12198,0,148,179
633 C,12199,0,117,151
634 C,12200,0,95,132
635 C,12201,164,219,233
636 C,12202,137,214,232
637 C,12203,74,195,224
638 C,12204,0,176,217
639 C,12205,0,149,199
640 C,12206,0,131,188
641 C,12207,0,103,161
642 C,12208,207,220,231
643 C,12209,198,215,229
644 C,12210,156,183,210
645 C,12211,124,163,199
646 C,12212,91,137,180
647 C,12213,31,97,147
648 C,12214,0,47,96
649 C,12215,216,225,233
650 C,12216,203,217,230
651 C,12217,166,187,214
652 C,12218,124,156,191
653 C,12219,47,98,150
654 C,12220,0,59,112
655 C,12221,0,38,85
656 C,12222,222,231,237
657 C,12223,197,215,235
658 C,12224,176,202,232
659 C,12225,121,164,219
660 C,12226,59,128,203
661 C,12227,0,53,150
662 C,12228,0,26,113
663 C,12229,228,225,232
664 C,12230,224,219,228
665 C,12231,198,190,210
666 C,12232,161,147,179
667 C,12233,121,105,145
668 C,12234,96,76,122
669 C,12235,61,42,86
670 C,12236,233,212,226
671 C,12237,231,189,217
672 C,12238,223,160,202
673 C,12239,215,134,185
674 C,12240,196,87,154
675 C,12241,173,39,117
676 C,12242,147,2,81
677 C,12243,228,207,218
678 C,12244,226,199,217
679 C,12245,221,190,210
680 C,12246,201,151,183
681 C,12247,173,108,149
682 C,12248,150,71,119
683 C,12249,124,41,87
684 C,12250,227,199,213
685 C,12251,221,182,203
686 C,12252,206,161,185
687 C,12253,188,134,165
688 C,12254,167,100,140
689 C,12255,136,60,104
690 C,12256,97,33,67
691 C,12257,231,206,209
692 C,12258,225,189,195
693 C,12259,213,163,172
694 C,12260,195,132,144
695 C,12261,180,107,124
696 C,12262,153,73,89
697 C,12263,136,60,71
698 C,12264,243,213,217
699 C,12265,242,194,206
700 C,12266,239,171,184
701 C,12267,229,134,154
702 C,12268,208,93,117
703 C,12269,181,59,76
704 C,12270,157,45,49
705 C,12271,244,220,225
706 C,12272,244,205,214
707 C,12273,245,180,198
708 C,12274,247,146,168
709 C,12275,239,98,124
710 C,12276,225,65,85
711 C,12277,202,45,48
712 C,12278,252,202,158
713 C,12279,253,190,137
714 C,12280,251,171,99
715 C,12281,245,140,49
716 C,12282,233,120,8
717 C,12283,213,95,6
718 C,12284,188,79,1
719 C,12285,237,199,164
720 C,12286,230,183,140
721 C,12287,221,164,111
722 C,12288,198,131,67
723 C,12289,178,105,39
724 C,12290,147,77,18
725 C,12291,126,65,26
726 C,12292,224,192,161
727 C,12293,215,181,143
728 C,12294,205,162,121
729 C,12295,178,128,80
730 C,12296,156,101,45
731 C,12297,119,66,18
732 C,12298,96,52,17
7401 C,12299,244,229,167
7402 C,12300,235,217,155
7403 C,12301,237,213,134
7404 C,12302,245,220,65
7405 C,12303,242,206,17
7406 C,12304,239,195,5
7407 C,12305,201,162,83
7408 C,12306,244,189,1
7409 C,12307,239,179,37
7410 C,12308,252,174,119
7411 C,12309,231,169,95
7412 C,12310,209,130,53
7413 C,12311,219,133,51
7414 C,12312,193,109,27
7415 C,12313,228,186,170
7416 C,12314,228,106,84
7417 C,12315,222,78,57
7418 C,12316,202,84,91
7419 C,12317,176,75,91
7420 C,12318,157,35,67
7421 C,12319,102,30,51
7422 C,12320,244,205,212
7423 C,12321,224,99,136
7424 C,12322,226,71,135
7425 C,12323,179,37,85
7426 C,12324,163,22,63
7427 C,12325,151,30,47
7428 C,12326,107,45,64
7429 C,12327,226,188,205
7430 C,12328,219,167,190
7431 C,12329,200,128,160
7432 C,12330,180,93,127
7433 C,12331,166,60,101
7434 C,12332,153,52,88
7435 C,12333,136,40,84
7436 C,12334,236,219,233
7437 C,12335,204,176,209
7438 C,12336,211,159,216
7439 C,12337,176,136,184
7440 C,12338,162,120,168
7441 C,12339,157,92,192
7442 C,12340,148,62,190
7443 C,12341,220,220,234
7444 C,12342,183,185,222
7445 C,12343,167,162,196
7446 C,12344,136,133,201
7447 C,12345,91,71,120
7448 C,12346,73,56,75
7449 C,12347,65,40,60
7450 C,12348,187,196,218
7451 C,12349,135,171,228
7452 C,12350,126,148,221
7453 C,12351,123,167,224
7454 C,12352,92,143,180
7455 C,12353,54,93,175
7456 C,12354,94,112,180
7457 C,12355,185,222,232
7458 C,12356,113,178,202
7459 C,12357,61,151,179
7460 C,12358,0,134,191
7461 C,12359,0,125,186
7462 C,12360,0,84,141
7463 C,12361,0,43,74
7464 C,12362,159,209,201
7465 C,12363,65,194,174
7466 C,12364,0,176,185
7467 C,12365,0,164,174
7468 C,12366,0,116,154
7469 C,12367,0,95,134
7470 C,12368,0,91,114
7471 C,12369,123,221,212
7472 C,12370,91,184,178
7473 C,12371,32,154,139
7474 C,12372,2,119,129
7475 C,12373,70,123,125
7476 C,12374,5,82,88
7477 C,12375,34,77,90
7478 C,12376,156,228,192
7479 C,12377,28,208,125
7480 C,12378,0,190,111
7481 C,12379,0,182,82
7482 C,12380,0,158,78
7483 C,12381,38,93,57
7484 C,12382,0,87,61
7485 C,12383,207,223,189
7486 C,12384,186,227,150
7487 C,12385,141,221,103
7488 C,12386,121,215,78
7489 C,12387,114,169,79
7490 C,12388,110,154,75
7491 C,12389,122,135,64
7492 C,12390,191,205,129
7493 C,12391,185,198,147
7494 C,12392,155,174,137
7495 C,12393,142,153,62
7496 C,12394,119,136,31
7497 C,12395,120,114,88
7498 C,12396,90,98,55
7499 C,12397,238,230,177
7500 C,12398,222,209,168
7501 C,12399,215,200,158
7502 C,12400,206,185,139
7503 C,12401,167,155,105
7504 C,12402,147,122,94
7505 C,12403,130,97,66
7506 C,12404,237,219,179
7507 C,12405,252,210,155
7508 C,12406,225,186,130
7509 C,12407,213,164,99
7510 C,12408,196,137,62
7511 C,12409,182,120,41
7512 C,12410,165,100,28
7513 C,12411,225,183,169
7514 C,12412,212,163,135
7515 C,12413,195,139,105
7516 C,12414,153,86,44
7517 C,12415,134,68,32
7518 C,12416,110,80,72
7519 C,12417,94,76,63
7520 C,12418,234,191,178
7521 C,12419,191,155,131
7522 C,12420,179,107,85
7523 C,12421,171,93,90
7524 C,12422,165,85,74
7525 C,12423,152,105,78
7526 C,12424,137,56,27
7527 C,12425,212,210,196
7528 C,12426,195,186,175
7529 C,12427,179,170,157
7530 C,12428,161,148,130
7531 C,12429,119,104,85
7532 C,12430,98,82,64
7533 C,12431,71,56,41
7534 C,12432,206,204,191
7535 C,12433,181,177,156
7536 C,12434,165,160,139
7537 C,12435,168,173,164
7538 C,12436,146,155,143
7539 C,12437,143,146,139
7540 C,12438,74,78,84
7541 C,12439,216,225,227
7542 C,12440,164,189,195
7543 C,12441,152,165,175
7544 C,12442,117,134,149
7545 C,12443,64,85,101
7546 C,12444,34,55,70
7547 C,12445,17,31,43
7548 C,12446,252,198,5
7549 C,12447,253,181,0
7550 C,12448,208,144,2
7551 C,12449,179,126,2
7552 C,12450,114,83,30
7553 C,12451,89,70,35
7554 C,12452,75,61,42
7555 C,12453,209,160,25
7556 C,12454,183,139,34
7557 C,12455,157,124,35
7558 C,12456,148,112,38
7559 C,12457,143,107,44
7560 C,12458,124,100,48
7561 C,12459,108,95,55
7562 C,12460,188,155,97
7563 C,12461,213,154,47
7564 C,12462,219,138,8
7565 C,12463,203,120,38
7566 C,12464,172,100,53
7567 C,12465,135,84,48
7568 C,12466,118,80,53
7569 C,12467,215,136,41
7570 C,12468,211,133,46
7571 C,12469,199,127,52
7572 C,12470,182,115,52
7573 C,12471,167,103,44
7574 C,12472,156,104,55
7575 C,12473,131,94,50
7576 C,12474,219,136,81
7577 C,12475,223,126,61
7578 C,12476,220,109,50
7579 C,12477,218,89,42
7580 C,12478,190,82,49
7581 C,12479,135,75,52
7582 C,12480,102,73,57
7583 C,12481,195,98,45
7584 C,12482,186,90,40
7585 C,12483,174,94,55
7586 C,12484,156,83,48
7587 C,12485,146,77,47
7588 C,12486,122,78,53
7589 C,12487,91,71,57
7590 C,12488,210,182,158
7591 C,12489,191,126,89
7592 C,12490,178,86,51
7593 C,12491,155,65,44
7594 C,12492,125,60,47
7595 C,12493,105,61,47
7596 C,12494,92,60,49
7597 C,12495,210,67,38
7598 C,12496,189,72,43
7599 C,12497,176,61,38
7600 C,12498,141,62,44
7601 C,12499,130,66,44
7602 C,12500,122,75,51
7603 C,12501,103,66,49
7604 C,12502,229,215,214
7605 C,12503,224,187,180
7606 C,12504,213,149,140
7607 C,12505,194,110,98
7608 C,12506,162,73,61
7609 C,12507,130,61,52
7610 C,12508,104,53,51
7611 C,12509,221,188,178
7612 C,12510,201,154,143
7613 C,12511,187,138,126
7614 C,12512,165,128,118
7615 C,12513,134,104,100
7616 C,12514,105,78,77
7617 C,12515,88,61,63
7618 C,12516,196,110,79
7619 C,12517,189,77,54
7620 C,12518,183,52,46
7621 C,12519,172,37,42
7622 C,12520,146,40,45
7623 C,12521,138,43,44
7624 C,12522,128,48,46
7625 C,12523,223,83,63
7626 C,12524,198,53,39
7627 C,12525,167,45,43
7628 C,12526,157,45,44
7629 C,12527,110,53,53
7630 C,12528,97,49,48
7631 C,12529,87,44,46
7632 C,12530,213,201,204
7633 C,12531,194,163,168
7634 C,12532,191,104,132
7635 C,12533,197,56,100
7636 C,12534,187,32,75
7637 C,12535,146,49,73
7638 C,12536,124,45,64
7639 C,12537,146,109,116
7640 C,12538,146,64,86
7641 C,12539,140,44,73
7642 C,12540,115,47,75
7643 C,12541,102,48,70
7644 C,12542,88,46,66
7645 C,12543,80,43,59
7646 C,12544,163,111,136
7647 C,12545,168,62,113
7648 C,12546,153,33,103
7649 C,12547,137,27,97
7650 C,12548,114,34,89
7651 C,12549,104,43,92
7652 C,12550,93,40,81
7653 C,12551,148,135,150
7654 C,12552,159,119,157
7655 C,12553,159,90,147
7656 C,12554,140,58,126
7657 C,12555,109,43,97
7658 C,12556,106,54,100
7659 C,12557,94,56,84
7660 C,12558,153,147,166
7661 C,12559,142,111,151
7662 C,12560,121,66,130
7663 C,12561,106,49,122
7664 C,12562,101,53,122
7665 C,12563,96,54,112
7666 C,12564,91,78,98
7667 C,12565,107,125,162
7668 C,12566,102,112,163
7669 C,12567,97,96,156
7670 C,12568,85,83,148
7671 C,12569,80,72,139
7672 C,12570,76,64,132
7673 C,12571,80,84,134
7674 C,12572,133,141,181
7675 C,12573,125,129,173
7676 C,12574,115,101,160
7677 C,12575,110,82,147
7678 C,12576,101,71,142
7679 C,12577,84,61,130
7680 C,12578,81,48,120
7681 C,12579,143,168,203
7682 C,12580,101,134,183
7683 C,12581,64,109,170
7684 C,12582,51,93,156
7685 C,12583,41,86,153
7686 C,12584,19,80,145
7687 C,12585,25,67,142
7688 C,12586,64,152,201
7689 C,12587,38,145,195
7690 C,12588,0,118,169
7691 C,12589,0,98,152
7692 C,12590,0,86,136
7693 C,12591,0,73,120
7694 C,12592,0,66,106
7695 C,12593,122,168,189
7696 C,12594,100,153,174
7697 C,12595,77,135,160
7698 C,12596,64,116,142
7699 C,12597,49,103,131
7700 C,12598,17,92,124
7701 C,12599,0,87,119
7702 C,12600,70,168,197
7703 C,12601,0,156,189
7704 C,12602,0,133,172
7705 C,12603,0,111,149
7706 C,12604,0,106,144
7707 C,12605,2,98,126
7708 C,12606,0,86,110
7709 C,12607,98,179,188
7710 C,12608,0,167,182
7711 C,12609,3,152,169
7712 C,12610,0,132,156
7713 C,12611,0,127,140
7714 C,12612,2,119,129
7715 C,12613,0,100,108
7716 C,12614,0,151,143
7717 C,12615,0,134,126
7718 C,12616,0,120,117
7719 C,12617,0,110,106
7720 C,12618,0,99,91
7721 C,12619,0,93,94
7722 C,12620,0,83,82
7723 C,12621,80,166,134
7724 C,12622,0,151,109
7725 C,12623,0,134,84
7726 C,12624,0,123,76
7727 C,12625,0,112,70
7728 C,12626,0,103,68
7729 C,12627,0,89,69
7730 C,12628,73,149,97
7731 C,12629,34,136,73
7732 C,12630,0,123,65
7733 C,12631,0,112,65
7734 C,12632,37,98,66
7735 C,12633,53,88,60
7736 C,12634,54,84,66
7737 C,12635,105,165,58
7738 C,12636,72,163,66
7739 C,12637,48,156,69
7740 C,12638,57,143,63
7741 C,12639,65,136,65
7742 C,12640,73,120,63
7743 C,12641,68,106,62
7744 C,12642,184,188,23
7745 C,12643,172,173,38
7746 C,12644,151,154,49
7747 C,12645,135,142,50
7748 C,12646,123,128,53
7749 C,12647,113,114,55
7750 C,12648,99,102,55
7751 C,12649,201,181,75
7752 C,12650,205,177,37
7753 C,12651,190,160,31
7754 C,12652,158,134,43
7755 C,12653,134,118,47
7756 C,12654,112,101,52
7757 C,12655,103,94,53
7758 C,12656,210,194,9
7759 C,12657,195,177,0
7760 C,12658,144,132,44
7761 C,12659,116,113,57
7762 C,12660,92,100,58
7763 C,12661,88,92,60
7764 C,12662,82,84,53
7765 C,12663,187,179,38
7766 C,12664,180,171,32
7767 C,12665,169,156,45
7768 C,12666,142,125,53
7769 C,12667,111,98,54
7770 C,12668,98,89,57
7771 C,12669,77,73,52
8001 C,12670,139,139,139
8002 C,12671,138,130,123
8003 C,12672,138,127,117
8004 C,12673,135,122,104
8005 C,12674,134,116,94
8006 C,12675,134,112,86
801 C,12676,0,155,205
802 C,12677,67,215,48
8020 C,12678,153,136,122
8021 C,12679,160,130,115
8022 C,12680,168,117,89
8023 C,12681,169,101,67
8024 C,12682,171,91,47
8025 C,12683,165,82,36
803 C,12684,254,233,7
804 C,12685,254,170,80
8040 C,12686,148,144,141
8041 C,12687,154,132,125
8042 C,12688,157,124,113
8043 C,12689,163,111,98
8044 C,12690,163,95,73
8045 C,12691,160,89,64
805 C,12692,253,115,119
806 C,12693,252,64,181
8060 C,12694,152,135,145
8061 C,12695,155,123,132
8062 C,12696,158,110,123
8063 C,12697,163,96,109
8064 C,12698,159,91,99
8065 C,12699,156,85,86
807 C,12700,233,40,193
808 C,12701,0,182,151
8080 C,12702,148,135,150
8081 C,12703,154,114,144
8082 C,12704,155,98,138
8083 C,12705,158,78,133
8084 C,12706,164,59,117
8085 C,12707,161,46,100
809 C,12708,226,231,45
810 C,12709,254,213,54
8100 C,12710,146,125,151
8101 C,12711,146,110,148
8102 C,12712,147,97,147
8103 C,12713,144,77,142
8104 C,12714,148,56,124
8105 C,12715,143,46,107
811 C,12716,252,143,109
812 C,12717,254,97,164
8120 C,12718,143,137,153
8121 C,12719,142,126,153
8122 C,12720,137,109,148
8123 C,12721,136,90,147
8124 C,12722,139,77,133
8125 C,12723,133,69,119
813 C,12724,250,72,196
814 C,12725,137,107,214
8140 C,12726,135,125,152
8141 C,12727,126,113,150
8142 C,12728,121,96,154
8143 C,12729,114,79,151
8144 C,12730,115,78,130
8145 C,12731,110,70,119
8160 C,12732,138,139,153
8161 C,12733,125,128,153
8162 C,12734,103,99,154
8163 C,12735,94,86,157
8164 C,12736,89,75,146
8165 C,12737,85,67,137
8180 C,12738,132,144,154
8181 C,12739,104,130,159
8182 C,12740,80,114,158
8183 C,12741,56,98,161
8184 C,12742,35,90,149
8185 C,12743,35,77,131
8200 C,12744,118,144,157
8201 C,12745,103,137,155
8202 C,12746,81,131,160
8203 C,12747,44,122,162
8204 C,12748,56,117,140
8205 C,12749,52,109,129
8220 C,12750,114,142,154
8221 C,12751,97,138,157
8222 C,12752,71,136,160
8223 C,12753,32,130,161
8224 C,12754,0,118,142
8225 C,12755,0,107,126
8240 C,12756,132,147,151
8241 C,12757,100,141,151
8242 C,12758,79,141,155
8243 C,12759,42,136,156
8244 C,12760,56,127,133
8245 C,12761,52,123,122
8260 C,12762,120,144,148
8261 C,12763,103,141,146
8262 C,12764,79,136,140
8263 C,12765,45,132,133
8264 C,12766,38,121,118
8265 C,12767,19,109,99
8280 C,12768,125,150,149
8281 C,12769,112,149,147
8282 C,12770,91,150,146
8283 C,12771,61,151,141
8284 C,12772,82,143,125
8285 C,12773,73,139,113
8300 C,12774,130,152,141
8301 C,12775,116,150,133
8302 C,12776,102,150,124
8303 C,12777,84,150,113
8304 C,12778,95,142,104
8305 C,12779,87,132,89
8320 C,12780,139,150,143
8321 C,12781,128,151,119
8322 C,12782,122,153,108
8323 C,12783,108,154,92
8324 C,12784,117,149,87
8325 C,12785,112,140,74
8340 C,12786,143,150,126
8341 C,12787,139,152,113
8342 C,12788,141,156,97
8343 C,12789,134,155,79
8344 C,12790,133,149,55
8345 C,12791,133,143,37
8360 C,12792,147,153,123
8361 C,12793,150,153,105
8362 C,12794,156,155,88
8363 C,12795,164,157,67
8364 C,12796,160,148,66
8365 C,12797,159,141,52
8380 C,12798,148,148,135
8381 C,12799,149,145,120
8382 C,12800,155,144,106
8383 C,12801,163,142,93
8384 C,12802,165,131,63
8385 C,12803,163,124,52
8400 C,12804,134,134,134
8401 C,12805,125,127,125
8402 C,12806,111,111,111
8403 C,12807,95,94,93
8404 C,12808,83,79,75
8405 C,12809,76,69,65
8420 C,12810,143,141,144
8421 C,12811,130,129,131
8422 C,12812,116,113,112
8423 C,12813,101,96,95
8424 C,12814,99,84,81
8425 C,12815,92,76,71
8440 C,12816,152,132,134
8441 C,12817,158,123,122
8442 C,12818,163,109,111
8443 C,12819,169,99,97
8444 C,12820,172,84,75
8445 C,12821,171,76,66
8460 C,12822,141,138,145
8461 C,12823,133,124,134
8462 C,12824,129,115,126
8463 C,12825,120,101,115
8464 C,12826,113,76,93
8465 C,12827,112,74,85
8480 C,12828,65,102,119
8481 C,12829,78,96,119
8482 C,12830,45,85,111
8483 C,12831,15,68,105
8484 C,12832,27,82,125
8485 C,12833,38,94,141
8500 C,12834,115,130,128
8501 C,12835,88,121,107
8502 C,12836,67,97,104
8503 C,12837,42,60,67
8504 C,12838,45,78,93
8505 C,12839,53,88,101
8520 C,12840,119,117,91
8521 C,12841,79,84,68
8522 C,12842,61,74,64
8523 C,12843,45,61,54
8524 C,12844,48,73,73
8525 C,12845,55,80,83
8540 C,12846,131,75,82
8541 C,12847,109,65,71
8542 C,12848,98,48,56
8543 C,12849,91,48,67
8544 C,12850,97,58,84
8545 C,12851,97,62,88
8560 C,12852,120,75,59
8561 C,12853,118,68,68
8562 C,12854,113,59,67
8563 C,12855,113,67,62
8564 C,12856,117,76,73
8565 C,12857,117,79,82
8580 C,12858,149,108,62
8581 C,12859,131,90,49
8582 C,12860,123,83,43
8583 C,12861,108,68,29
8584 C,12862,107,72,40
8585 C,12863,110,77,50
8600 C,12864,90,86,84
8601 C,12865,75,69,66
8602 C,12866,60,59,62
8603 C,12867,45,48,60
8604 C,12868,50,58,74
8605 C,12869,54,68,84
8620 C,12870,116,92,64
8621 C,12871,97,76,56
8622 C,12872,79,66,50
8623 C,12873,65,58,50
8624 C,12874,65,61,54
8625 C,12875,70,65,60
8640 C,12876,156,124,47
8641 C,12877,168,134,36
8642 C,12878,170,137,13
8643 C,12879,172,137,1
8644 C,12880,170,145,24
8645 C,12881,164,147,43
8660 C,12882,143,122,50
8661 C,12883,135,125,31
8662 C,12884,133,129,27
8663 C,12885,127,135,18
8664 C,12886,133,143,37
8665 C,12887,132,146,57
8680 C,12888,120,115,60
8681 C,12889,119,123,51
8682 C,12890,107,129,46
8683 C,12891,96,135,38
8684 C,12892,94,135,52
8685 C,12893,95,141,65
8700 C,12894,112,117,78
8701 C,12895,101,121,65
8702 C,12896,88,127,65
8703 C,12897,64,128,62
8704 C,12898,69,135,78
8705 C,12899,74,140,90
871 C,12900,131,118,80
872 C,12901,131,114,77
8720 C,12902,77,109,86
8721 C,12903,83,117,86
8722 C,12904,57,115,85
8723 C,12905,27,129,95
8724 C,12906,41,137,110
8725 C,12907,46,142,120
873 C,12908,133,110,75
874 C,12909,138,112,78
8740 C,12910,66,104,94
8741 C,12911,43,105,85
8742 C,12912,46,107,96
8743 C,12913,0,107,105
8744 C,12914,0,114,119
8745 C,12915,2,119,129
875 C,12916,134,102,79
876 C,12917,139,100,78
8760 C,12918,31,99,98
8761 C,12919,0,95,105
8762 C,12920,38,92,103
8763 C,12921,0,83,108
8764 C,12922,0,95,125
8765 C,12923,21,102,135
877 C,12924,139,143,145
8780 C,12925,59,58,95
8781 C,12926,54,66,94
8782 C,12927,48,55,114
8783 C,12928,26,54,109
8784 C,12929,38,68,125
8785 C,12930,44,78,136
8800 C,12931,88,55,90
8801 C,12932,82,56,97
8802 C,12933,68,43,100
8803 C,12934,77,42,98
8804 C,12935,83,53,111
8805 C,12936,85,62,122
8820 C,12937,134,63,93
8821 C,12938,129,46,93
8822 C,12939,107,53,102
8823 C,12940,96,38,100
8824 C,12941,102,53,119
8825 C,12942,102,56,128
8840 C,12943,143,62,86
8841 C,12944,141,47,86
8842 C,12945,141,31,91
8843 C,12946,127,27,95
8844 C,12947,130,42,110
8845 C,12948,125,56,118
8860 C,12949,149,69,65
8861 C,12950,145,61,72
8862 C,12951,149,46,73
8863 C,12952,149,31,64
8864 C,12953,145,42,81
8865 C,12954,143,55,95
8880 C,12955,147,79,78
8881 C,12956,154,68,84
8882 C,12957,166,54,94
8883 C,12958,169,55,66
8884 C,12959,162,62,76
8885 C,12960,160,68,86
8900 C,12961,162,83,58
8901 C,12962,183,81,62
8902 C,12963,181,82,79
8903 C,12964,187,71,74
8904 C,12965,185,78,88
8905 C,12966,179,82,93
8920 C,12967,160,93,66
8921 C,12968,176,83,41
8922 C,12969,181,80,16
8923 C,12970,184,76,34
8924 C,12971,180,80,46
8925 C,12972,174,84,56
8940 C,12973,164,100,46
8941 C,12974,167,94,29
8942 C,12975,174,90,12
8943 C,12976,187,90,5
8944 C,12977,181,94,22
8945 C,12978,175,98,45
8960 C,12979,156,112,47
8961 C,12980,165,104,30
8962 C,12981,172,109,4
8963 C,12982,180,100,4
8964 C,12983,174,103,31
8965 C,12984,169,110,49
901 C,12985,0,170,217
902 C,12986,142,234,115
9020 C,12987,236,237,200
9021 C,12988,240,234,231
9022 C,12989,237,230,234
9023 C,12990,233,227,235
903 C,12991,255,243,110
904 C,12992,255,206,139
9040 C,12993,219,235,239
9041 C,12994,223,235,230
9042 C,12995,227,234,230
9043 C,12996,229,230,223
9044 C,12997,198,227,226
9045 C,12998,200,223,221
905 C,12999,252,157,168
906 C,13000,254,125,215
9060 C,13001,239,239,216
9061 C,13002,241,233,235
9062 C,13003,227,237,235
9063 C,13004,231,240,234
9064 C,13005,240,242,225
907 C,13006,241,105,219
908 C,13007,0,176,221
9080 C,13008,226,227,221
9081 C,13009,223,220,213
9082 C,13010,207,204,195
9083 C,13011,202,201,192
9084 C,13012,171,168,159
909 C,13013,168,239,141
910 C,13014,252,243,141
9100 C,13015,230,233,226
9101 C,13016,224,227,221
9102 C,13017,215,219,214
9103 C,13018,212,216,211
911 C,13019,252,218,164
912 C,13020,255,173,184
9120 C,13021,241,240,185
9121 C,13022,241,241,177
9122 C,13023,229,229,186
9123 C,13024,219,216,185
913 C,13025,252,146,220
914 C,13026,245,130,225
9140 C,13027,242,239,205
9141 C,13028,242,239,197
9142 C,13029,230,228,197
9143 C,13030,228,224,197
915 C,13031,0,188,228
916 C,13032,184,238,164
9160 C,13033,241,228,191
9161 C,13034,231,220,186
9162 C,13035,225,217,195
9163 C,13036,214,206,184
917 C,13037,246,244,164
918 C,13038,254,224,181
9180 C,13039,244,230,207
9181 C,13040,242,227,201
9182 C,13041,234,222,203
9183 C,13042,228,216,199
9184 C,13043,236,229,208
9185 C,13044,234,225,207
9186 C,13045,222,211,195
919 C,13046,255,193,201
920 C,13047,253,173,228
9200 C,13048,244,226,206
9201 C,13049,243,227,204
9202 C,13050,235,221,205
9203 C,13051,227,213,196
921 C,13052,246,163,230
922 C,13053,9,193,166
9220 C,13054,241,223,206
9221 C,13055,234,214,197
9222 C,13056,229,212,200
9223 C,13057,222,210,199
9224 C,13058,241,234,221
9225 C,13059,239,231,217
9226 C,13060,235,228,218
923 C,13061,235,242,106
924 C,13062,255,231,116
9240 C,13063,242,229,225
9241 C,13064,236,220,216
9242 C,13065,231,214,207
9243 C,13066,222,206,200
9244 C,13067,241,233,227
925 C,13068,252,172,148
926 C,13069,254,134,189
9260 C,13070,242,222,219
9261 C,13071,238,215,213
9262 C,13072,231,214,212
9263 C,13073,227,208,203
927 C,13074,252,120,219
928 C,13075,151,121,220
9280 C,13076,242,225,226
9281 C,13077,241,222,223
9282 C,13078,238,219,220
9283 C,13079,232,217,217
9284 C,13080,247,200,207
9285 C,13081,239,234,229
9286 C,13082,246,224,224
929 C,13083,40,201,176
930 C,13084,238,244,136
9300 C,13085,244,221,227
9301 C,13086,236,219,226
9302 C,13087,231,206,213
9303 C,13088,230,210,215
931 C,13089,255,234,134
932 C,13090,255,187,166
9320 C,13091,240,221,232
9321 C,13092,233,212,224
9322 C,13093,232,209,223
9323 C,13094,225,204,215
9324 C,13095,240,201,230
933 C,13096,255,157,204
934 C,13097,250,142,225
9340 C,13098,230,221,233
9341 C,13099,224,215,229
9342 C,13100,221,212,227
9343 C,13101,221,208,226
9344 C,13102,209,183,230
9345 C,13103,237,234,235
935 C,13104,169,146,225
936 C,13105,108,214,198
9360 C,13106,220,216,235
9361 C,13107,221,212,232
9362 C,13108,218,213,228
9363 C,13109,209,201,221
937 C,13110,239,246,168
938 C,13111,251,238,167
9380 C,13112,222,227,238
9381 C,13113,209,219,235
9382 C,13114,201,210,232
9383 C,13115,207,213,227
9384 C,13116,217,224,237
9385 C,13117,205,213,225
939 C,13118,254,207,190
940 C,13119,254,183,222
9400 C,13120,212,226,237
9401 C,13121,212,226,239
9402 C,13122,212,226,233
9403 C,13123,203,217,230
941 C,13124,250,170,232
942 C,13125,191,174,232
9420 C,13126,210,226,239
9421 C,13127,205,224,234
9422 C,13128,201,218,230
9423 C,13129,191,210,221
9424 C,13130,193,227,232
9440 C,13131,190,224,234
9441 C,13132,189,224,236
9442 C,13133,187,221,232
9443 C,13134,185,215,224
9460 C,13135,212,237,241
9461 C,13136,187,225,231
9462 C,13137,182,220,225
9463 C,13138,187,218,223
9464 C,13139,156,220,237
9480 C,13140,198,234,233
9481 C,13141,197,234,235
9482 C,13142,193,227,232
9483 C,13143,195,220,218
9500 C,13144,188,232,232
9501 C,13145,183,223,220
9502 C,13146,201,226,224
9503 C,13147,201,223,219
9504 C,13148,195,217,216
9520 C,13149,215,241,232
9521 C,13150,210,231,226
9522 C,13151,213,231,224
9523 C,13152,212,227,221
9524 C,13153,175,236,223
9525 C,13154,230,241,230
9540 C,13155,221,240,229
9541 C,13156,221,236,228
9542 C,13157,204,219,205
9543 C,13158,197,214,200
9544 C,13159,229,242,220
9560 C,13160,223,239,221
9561 C,13161,213,231,211
9562 C,13162,215,227,208
9563 C,13163,210,221,204
9580 C,13164,226,240,206
9581 C,13165,224,232,208
9582 C,13166,216,220,201
9583 C,13167,205,213,188
9584 C,13168,218,227,204
9585 C,13169,214,220,199
9600 C,13170,228,236,201
9601 C,13171,227,232,204
9602 C,13172,217,220,191
9603 C,13173,216,216,194
